id,tipo,nombre,grupo_insumo_id,es_cuadro_basico,created_at,updated_at,deleted_at
1,ME,"ÁCIDO ACETILSALICÍLICO",1,1,NULL,NULL,NULL
2,ME,IBUPROFENO,1,1,NULL,NULL,NULL
3,ME,"METAMIZOL SÓDICO",1,1,NULL,NULL,NULL
4,ME,PARACETAMOL,1,1,NULL,NULL,NULL
5,ME,BUPRENORFINA,1,0,NULL,NULL,NULL
6,ME,CAPSAICINA,1,0,NULL,NULL,NULL
7,ME,"CLONIXINATO DE LISINA",1,0,NULL,NULL,NULL
8,ME,DEXMEDETOMIDINA,1,0,NULL,NULL,NULL
9,ME,DEXTROPROPOXIFENO,1,0,NULL,NULL,NULL
10,ME,ETOFENAMATO,1,0,NULL,NULL,NULL
11,ME,FENTANILO,1,0,NULL,NULL,NULL
12,ME,HIDROMORFONA,1,0,NULL,NULL,NULL
13,ME,KETOROLACO,1,0,NULL,NULL,NULL
14,ME,METADONA,1,0,NULL,NULL,NULL
15,ME,MORFINA,1,0,NULL,NULL,NULL
16,ME,NALBUFINA,1,0,NULL,NULL,NULL
17,ME,OXICODONA,1,0,NULL,NULL,NULL
18,ME,PARACETAMOL,1,0,NULL,NULL,NULL
19,ME,TAPENTADOL,1,0,NULL,NULL,NULL
20,ME,TRAMADOL,1,0,NULL,NULL,NULL
21,ME,TRAMADOL-PARACETAMOL,1,0,NULL,NULL,NULL
22,ME,ATROPINA,2,1,NULL,NULL,NULL
23,ME,LIDOCAÍNA,2,1,NULL,NULL,NULL
24,ME,"LIDOCAÍNA, EPINEFRINA",2,1,NULL,NULL,NULL
25,ME,BUPIVACAÍNA,2,0,NULL,NULL,NULL
26,ME,"CISATRACURIO, BESILATO DE ",2,0,NULL,NULL,NULL
27,ME,DESFLURANO,2,0,NULL,NULL,NULL
28,ME,DIAZEPAM,2,0,NULL,NULL,NULL
29,ME,EFEDRINA,2,0,NULL,NULL,NULL
30,ME,ETOMIDATO,2,0,NULL,NULL,NULL
31,ME,FENTANILO,2,0,NULL,NULL,NULL
32,ME,FLUMAZENIL,2,0,NULL,NULL,NULL
33,ME,FLUNITRAZEPAM,2,0,NULL,NULL,NULL
34,ME,ISOFLURANO,2,0,NULL,NULL,NULL
35,ME,KETAMINA,2,0,NULL,NULL,NULL
36,ME,MIDAZOLAM,2,0,NULL,NULL,NULL
37,ME,NALOXONA,2,0,NULL,NULL,NULL
38,ME,NEOSTIGMINA,2,0,NULL,NULL,NULL
39,ME,"PRILOCAÍNA, FELIPRESINA",2,0,NULL,NULL,NULL
40,ME,PROPOFOL,2,0,NULL,NULL,NULL
41,ME,REMIFENTANILO,2,0,NULL,NULL,NULL
42,ME,"ROCURONIO, BROMURO DE",2,0,NULL,NULL,NULL
43,ME,ROPIVACAINA,2,0,NULL,NULL,NULL
44,ME,SEVOFLURANO,2,0,NULL,NULL,NULL
45,ME,"SUXAMETONIO, CLORURO DE",2,0,NULL,NULL,NULL
46,ME,"TIOPENTAL SÓDICO",2,0,NULL,NULL,NULL
47,ME,VECURONIO,2,0,NULL,NULL,NULL
48,ME,AMLODIPINO,3,1,NULL,NULL,NULL
49,ME,CAPTOPRIL,3,1,NULL,NULL,NULL
50,ME,CLORTALIDONA,3,1,NULL,NULL,NULL
51,ME,DIGOXINA,3,1,NULL,NULL,NULL
52,ME,"ENALAPRIL O LISINOPRIL O RAMIPRIL",3,1,NULL,NULL,NULL
53,ME,EPINEFRINA,3,1,NULL,NULL,NULL
54,ME,FELODIPINO,3,1,NULL,NULL,NULL
55,ME,HIDRALAZINA,3,1,NULL,NULL,NULL
56,ME,ISOSORBIDA,3,1,NULL,NULL,NULL
57,ME,METOPROLOL,3,1,NULL,NULL,NULL
58,ME,NIFEDIPINO,3,1,NULL,NULL,NULL
59,ME,PENTOXIFILINA,3,1,NULL,NULL,NULL
60,ME,"POTASIO, SALES DE",3,1,NULL,NULL,NULL
61,ME,PROPRANOLOL,3,1,NULL,NULL,NULL
62,ME,"TRINITRATO DE GLICERILO",3,1,NULL,NULL,NULL
63,ME,"ÁCIDO ACETILSALICÍLICO, SIMVASTATINA,",3,0,NULL,NULL,NULL
64,ME,RAMIPRIL,3,0,NULL,NULL,NULL
65,ME,ADENOSINA,3,0,NULL,NULL,NULL
66,ME,ALPROSTADIL,3,0,NULL,NULL,NULL
67,ME,ALTEPLASA,3,0,NULL,NULL,NULL
68,ME,AMIODARONA,3,0,NULL,NULL,NULL
69,ME,AMLODIPINO/VALSARTÁN/HIDROCLOROTIAZIDA,3,0,NULL,NULL,NULL
70,ME,"AZILSARTÁN MEDOXOMILO",3,0,NULL,NULL,NULL
71,ME,"CANDESARTÁN CILEXETILO-HIDROCLOROTIAZIDA",3,0,NULL,NULL,NULL
72,ME,CARVEDILOL,3,0,NULL,NULL,NULL
73,ME,CILOSTAZOL,3,0,NULL,NULL,NULL
74,ME,CLONIDINA,3,0,NULL,NULL,NULL
75,ME,CLOPIDOGREL,3,0,NULL,NULL,NULL
76,ME,DIAZÓXIDO,3,0,NULL,NULL,NULL
77,ME,DILTIAZEM,3,0,NULL,NULL,NULL
78,ME,DIPIRIDAMOL,3,0,NULL,NULL,NULL
79,ME,DOBUTAMINA,3,0,NULL,NULL,NULL
80,ME,DOPAMINA,3,0,NULL,NULL,NULL
81,ME,EFEDRINA,3,0,NULL,NULL,NULL
82,ME,ESMOLOL,3,0,NULL,NULL,NULL
83,ME,ESTREPTOQUINASA,3,0,NULL,NULL,NULL
84,ME,IBUPROFENO,3,0,NULL,NULL,NULL
85,ME,INDOMETACINA,3,0,NULL,NULL,NULL
86,ME,IRBESARTÁN,3,0,NULL,NULL,NULL
87,ME,"IRBESARTÁN, AMLODIPINO",3,0,NULL,NULL,NULL
88,ME,IRBESARTÁN-HIDROCLOROTIAZIDA,3,0,NULL,NULL,NULL
89,ME,ISOPRENALINA,3,0,NULL,NULL,NULL
90,ME,"ISOSORBIDA, DINITRATO DE",3,0,NULL,NULL,NULL
91,ME,"ISOSORBIDA, MONONITRATO DE",3,0,NULL,NULL,NULL
92,ME,IVABRADINA,3,0,NULL,NULL,NULL
93,ME,LEVOSIMENDAN,3,0,NULL,NULL,NULL
94,ME,LIDOCAÍNA,3,0,NULL,NULL,NULL
95,ME,LOSARTÁN,3,0,NULL,NULL,NULL
96,ME,"LOSARTÁN E HIDROCLOROTIAZIDA",3,0,NULL,NULL,NULL
97,ME,METILDOPA,3,0,NULL,NULL,NULL
98,ME,MILRINONA,3,0,NULL,NULL,NULL
99,ME,NESIRITIDA,3,0,NULL,NULL,NULL
100,ME,"NITROPRUSIATO DE SODIO",3,0,NULL,NULL,NULL
101,ME,NOREPINEFRINA,3,0,NULL,NULL,NULL
102,ME,PENTOXIFILINA,3,0,NULL,NULL,NULL
103,ME,PRAZOSINA,3,0,NULL,NULL,NULL
104,ME,PROPAFENONA,3,0,NULL,NULL,NULL
105,ME,PROPRANOLOL,3,0,NULL,NULL,NULL
106,ME,QUINIDINA,3,0,NULL,NULL,NULL
107,ME,TELMISARTÁN,3,0,NULL,NULL,NULL
108,ME,"TELMISARTÁN, HIDROCLOROTIAZIDA",3,0,NULL,NULL,NULL
109,ME,TENECTEPLASA,3,0,NULL,NULL,NULL
110,ME,TIROFIBAN,3,0,NULL,NULL,NULL
111,ME,"TRINITRATO DE GLICERILO",3,0,NULL,NULL,NULL
112,ME,VALSARTÁN,3,0,NULL,NULL,NULL
113,ME,VERAPAMILO,3,0,NULL,NULL,NULL
114,ME,WARFARINA,3,0,NULL,NULL,NULL
115,ME,"ACEITE DE ALMENDRAS DULCES",4,1,NULL,NULL,NULL
116,ME,"ALANTOINA Y ALQUITRÁN DE HULLA",4,1,NULL,NULL,NULL
117,ME,"ALANTOINA, ALQUITRÁN DE HULLA Y",4,1,NULL,NULL,NULL
118,ME,CLIOQUINOL,4,1,NULL,NULL,NULL
119,ME,ALIBOUR,4,1,NULL,NULL,NULL
120,ME,"BAÑO COLOIDE",4,1,NULL,NULL,NULL
121,ME,BENCILO,4,1,NULL,NULL,NULL
122,ME,BENZOILO,4,1,NULL,NULL,NULL
123,ME,CLIOQUINOL,4,1,NULL,NULL,NULL
124,ME,FLUOCINOLONA,4,1,NULL,NULL,NULL
125,ME,HIDROCORTISONA,4,1,NULL,NULL,NULL
126,ME,HIDROQUINONA,4,1,NULL,NULL,NULL
127,ME,ISOCONAZOL,4,1,NULL,NULL,NULL
128,ME,MICONAZOL,4,1,NULL,NULL,NULL
129,ME,MOMETASONA,4,1,NULL,NULL,NULL
130,ME,"ÓXIDO DE ZINC",4,1,NULL,NULL,NULL
131,ME,PERMETRINA,4,1,NULL,NULL,NULL
132,ME,PODOFILINA,4,1,NULL,NULL,NULL
133,ME,"ÁCIDO RETINOICO",4,0,NULL,NULL,NULL
134,ME,ANTRALINA,4,0,NULL,NULL,NULL
135,ME,BETAMETASONA,4,0,NULL,NULL,NULL
136,ME,"CALCIPOTRIOL, BETAMETASONA",4,0,NULL,NULL,NULL
137,ME,CLINDAMICINA,4,0,NULL,NULL,NULL
138,ME,FLUOROURACILO,4,0,NULL,NULL,NULL
139,ME,HIGROPLEX,4,0,NULL,NULL,NULL
140,ME,IMIQUIMOD,4,0,NULL,NULL,NULL
141,ME,ISOTRETINOINA,4,0,NULL,NULL,NULL
142,ME,"LECITINA VEGETAL",4,0,NULL,NULL,NULL
143,ME,METOXALENO,4,0,NULL,NULL,NULL
144,ME,MUPIROCINA,4,0,NULL,NULL,NULL
145,ME,"PADIMATO, PARSOL MCX Y PARSOL 1789",4,0,NULL,NULL,NULL
146,ME,PIMECROLIMUS,4,0,NULL,NULL,NULL
147,ME,"SULFADIAZINA DE PLATA",4,0,NULL,NULL,NULL
148,ME,TACALCITOL,4,0,NULL,NULL,NULL
149,ME,TRETINOÍNA,4,0,NULL,NULL,NULL
150,ME,USTEKINUMAB,4,0,NULL,NULL,NULL
151,ME,BROMOCRIPTINA,5,1,NULL,NULL,NULL
152,ME,GLIBENCLAMIDA,5,1,NULL,NULL,NULL
153,ME,"INSULINA HUMANA",5,1,NULL,NULL,NULL
154,ME,METFORMINA,5,1,NULL,NULL,NULL
155,ME,PREDNISONA,5,1,NULL,NULL,NULL
156,ME,TOLBUTAMIDA,5,1,NULL,NULL,NULL
157,ME,ACARBOSA,5,0,NULL,NULL,NULL
158,ME,"ÁCIDO NICOTÍNICO",5,0,NULL,NULL,NULL
159,ME,"AGALSIDASA ALFA",5,0,NULL,NULL,NULL
160,ME,"AGALSIDASA BETA",5,0,NULL,NULL,NULL
161,ME,"ALGLUCOSIDASA ALFA",5,0,NULL,NULL,NULL
162,ME,ATORVASTATINA,5,0,NULL,NULL,NULL
163,ME,BEZAFIBRATO,5,0,NULL,NULL,NULL
164,ME,CALCIO,5,0,NULL,NULL,NULL
165,ME,CALCITONINA,5,0,NULL,NULL,NULL
166,ME,CALCITRIOL,5,0,NULL,NULL,NULL
167,ME,"CARBONATO DE CALCIO / VITAMINA D3",5,0,NULL,NULL,NULL
168,ME,CINACALCET,5,0,NULL,NULL,NULL
169,ME,CIPROFIBRATO,5,0,NULL,NULL,NULL
170,ME,"CORIOGONADOTROPINA ALFA",5,0,NULL,NULL,NULL
171,ME,CORTICOTROPINA,5,0,NULL,NULL,NULL
172,ME,DAPAGLIFLOZINA,5,0,NULL,NULL,NULL
173,ME,DEFLAZACORT,5,0,NULL,NULL,NULL
174,ME,DENOSUMAB,5,0,NULL,NULL,NULL
175,ME,DESMOPRESINA,5,0,NULL,NULL,NULL
176,ME,DEXAMETASONA,5,0,NULL,NULL,NULL
177,ME,"ELOSULFASA ALFA",5,0,NULL,NULL,NULL
178,ME,EMPAGLIFLOZINA,5,0,NULL,NULL,NULL
179,ME,EMPAGLIFLOZINA/METFORMINA,5,0,NULL,NULL,NULL
180,ME,EXENATIDA,5,0,NULL,NULL,NULL
181,ME,EZETIMIBA,5,0,NULL,NULL,NULL
182,ME,EZETIMIBA-SIMVASTATINA,5,0,NULL,NULL,NULL
183,ME,FLUDROCORTISONA,5,0,NULL,NULL,NULL
184,ME,FLUVASTATINA,5,0,NULL,NULL,NULL
185,ME,GALSULFASA,5,0,NULL,NULL,NULL
186,ME,GLUCAGON,5,0,NULL,NULL,NULL
187,ME,"GONADOTROFINA CORIÓNICA",5,0,NULL,NULL,NULL
188,ME,ICATIBANT,5,0,NULL,NULL,NULL
189,ME,IDURSULFASA,5,0,NULL,NULL,NULL
190,ME,IMIGLUCERASA,5,0,NULL,NULL,NULL
191,ME,"INHIBIDOR DE LA ESTERASA C1 HUMANO",5,0,NULL,NULL,NULL
192,ME,"INSULINA ASPÁRTICA",5,0,NULL,NULL,NULL
193,ME,"INSULINA DETEMIR",5,0,NULL,NULL,NULL
194,ME,"INSULINA GLARGINA",5,0,NULL,NULL,NULL
195,ME,"INSULINA GLULISINA",5,0,NULL,NULL,NULL
196,ME,"INSULINA LISPRO",5,0,NULL,NULL,NULL
197,ME,"INSULINA LISPRO, LISPRO PROTAMINA",5,0,NULL,NULL,NULL
198,ME,LANREOTIDO,5,0,NULL,NULL,NULL
199,ME,LARONIDASA,5,0,NULL,NULL,NULL
200,ME,LEVOTIROXINA,5,0,NULL,NULL,NULL
201,ME,LINAGLIPTINA,5,0,NULL,NULL,NULL
202,ME,LINAGLIPTINA/METFORMINA,5,0,NULL,NULL,NULL
203,ME,LIRAGLUTIDA,5,0,NULL,NULL,NULL
204,ME,LIXISENATIDA,5,0,NULL,NULL,NULL
205,ME,MESTEROLONA,5,0,NULL,NULL,NULL
206,ME,METILPREDNISOLONA,5,0,NULL,NULL,NULL
207,ME,NITISINONA,5,0,NULL,NULL,NULL
208,ME,OCTREOTIDA,5,0,NULL,NULL,NULL
209,ME,PARICALCITOL,5,0,NULL,NULL,NULL
210,ME,PIOGLITAZONA,5,0,NULL,NULL,NULL
211,ME,PRAVASTATINA,5,0,NULL,NULL,NULL
212,ME,PREDNISOLONA,5,0,NULL,NULL,NULL
213,ME,ROSIGLITAZONA,5,0,NULL,NULL,NULL
214,ME,ROSUVASTATINA,5,0,NULL,NULL,NULL
215,ME,SAXAGLIPTINA,5,0,NULL,NULL,NULL
216,ME,SIMVASTATINA,5,0,NULL,NULL,NULL
217,ME,SITAGLIPTINA,5,0,NULL,NULL,NULL
218,ME,"SITAGLIPTINA, METFORMINA",5,0,NULL,NULL,NULL
219,ME,SOMATROPINA,5,0,NULL,NULL,NULL
220,ME,"TALIGLUCERASA ALFA",5,0,NULL,NULL,NULL
221,ME,TERIPARATIDA,5,0,NULL,NULL,NULL
222,ME,TESTOSTERONA,5,0,NULL,NULL,NULL
223,ME,TIAMAZOL,5,0,NULL,NULL,NULL
224,ME,"TIROXINA - TRIYODOTIRONINA",5,0,NULL,NULL,NULL
225,ME,VASOPRESINA,5,0,NULL,NULL,NULL
226,ME,"VELAGLUCERASA ALFA",5,0,NULL,NULL,NULL
227,ME,VILDAGLIPTINA,5,0,NULL,NULL,NULL
228,ME,"VILDAGLIPTINA, METFORMINA",5,0,NULL,NULL,NULL
229,ME,ALBENDAZOL,6,1,NULL,NULL,NULL
230,ME,AMOXICILINA,6,1,NULL,NULL,NULL
231,ME,"AMOXICILINA – ACIDO CLAVULÁNICO",6,1,NULL,NULL,NULL
232,ME,AMPICILINA,6,1,NULL,NULL,NULL
233,ME,"BENCILPENICILINA BENZATÍNICA COMPUESTA",6,1,NULL,NULL,NULL
234,ME,"BENCILPENICILINA PROCAÍNICA",6,1,NULL,NULL,NULL
235,ME,"BENCILPENICILINA PROCAÍNICA CON",6,1,NULL,NULL,NULL
236,ME,"BENCILPENICILINA CRISTALINA",6,1,NULL,NULL,NULL
237,ME,"BENZATINA BENCILPENICILINA",6,1,NULL,NULL,NULL
238,ME,CEFACLOR,6,1,NULL,NULL,NULL
239,ME,CEFALEXINA,6,1,NULL,NULL,NULL
240,ME,CIPROFLOXACINO,6,1,NULL,NULL,NULL
241,ME,CLARITROMICINA,6,1,NULL,NULL,NULL
242,ME,CLINDAMICINA,6,1,NULL,NULL,NULL
243,ME,CLORANFENICOL,6,1,NULL,NULL,NULL
244,ME,CLOROQUINA,6,1,NULL,NULL,NULL
245,ME,DAPSONA,6,1,NULL,NULL,NULL
246,ME,DICLOXACILINA,6,1,NULL,NULL,NULL
247,ME,DIYODOHIDROXIQUINOLEÍNA,6,1,NULL,NULL,NULL
248,ME,DOXICICLINA,6,1,NULL,NULL,NULL
249,ME,ERITROMICINA,6,1,NULL,NULL,NULL
250,ME,ESTREPTOMICINA,6,1,NULL,NULL,NULL
251,ME,ETAMBUTOL,6,1,NULL,NULL,NULL
252,ME,GENTAMICINA,6,1,NULL,NULL,NULL
253,ME,ISONIAZIDA,6,1,NULL,NULL,NULL
254,ME,"ISONIAZIDA Y ETAMBUTOL",6,1,NULL,NULL,NULL
255,ME,"ISONIAZIDA Y RIFAMPICINA",6,1,NULL,NULL,NULL
256,ME,"ISONIAZIDA, RIFAMPICINA, PIRAZINAMIDA,",6,1,NULL,NULL,NULL
257,ME,ETAMBUTOL,6,1,NULL,NULL,NULL
258,ME,ITRACONAZOL,6,1,NULL,NULL,NULL
259,ME,KETOCONAZOL,6,1,NULL,NULL,NULL
260,ME,MEBENDAZOL,6,1,NULL,NULL,NULL
261,ME,METENAMINA,6,1,NULL,NULL,NULL
262,ME,METRONIDAZOL,6,1,NULL,NULL,NULL
263,ME,NISTATINA,6,1,NULL,NULL,NULL
264,ME,NITAZOXANIDA,6,1,NULL,NULL,NULL
265,ME,NITROFURANTOÍNA,6,1,NULL,NULL,NULL
266,ME,PIRANTEL,6,1,NULL,NULL,NULL
267,ME,PIRAZINAMIDA,6,1,NULL,NULL,NULL
268,ME,PRAZICUANTEL,6,1,NULL,NULL,NULL
269,ME,PRIMAQUINA,6,1,NULL,NULL,NULL
270,ME,QUINFAMIDA,6,1,NULL,NULL,NULL
271,ME,QUININA,6,1,NULL,NULL,NULL
272,ME,RIFAMPICINA,6,1,NULL,NULL,NULL
273,ME,RIFAMPICINA-ISONIAZIDA-PIRAZINAMIDA,6,1,NULL,NULL,NULL
274,ME,TETRACICLINA,6,1,NULL,NULL,NULL
275,ME,TINIDAZOL,6,1,NULL,NULL,NULL
276,ME,TRIMETOPRIMA-SULFAMETOXAZOL,6,1,NULL,NULL,NULL
277,ME,ABACAVIR,6,0,NULL,NULL,NULL
278,ME,ABACAVIR-LAMIVUDINA,6,0,NULL,NULL,NULL
279,ME,ABACAVIR-LAMIVUDINA-ZIDOVUDINA,6,0,NULL,NULL,NULL
280,ME,ACICLOVIR,6,0,NULL,NULL,NULL
281,ME,"ÁCIDO NALIDÍXICO",6,0,NULL,NULL,NULL
282,ME,ADEFOVIR,6,0,NULL,NULL,NULL
283,ME,"AMFOTERICINA B",6,0,NULL,NULL,NULL
284,ME,AMIKACINA,6,0,NULL,NULL,NULL
285,ME,AMPICILINA,6,0,NULL,NULL,NULL
286,ME,AMPRENAVIR,6,0,NULL,NULL,NULL
287,ME,ANIDULAFUNGINA,6,0,NULL,NULL,NULL
288,ME,ASUNAPREVIR,6,0,NULL,NULL,NULL
289,ME,ATAZANAVIR,6,0,NULL,NULL,NULL
290,ME,AZITROMICINA,6,0,NULL,NULL,NULL
291,ME,"BENCILPENICILINA SÓDICA CRISTALINA",6,0,NULL,NULL,NULL
292,ME,CASPOFUNGINA,6,0,NULL,NULL,NULL
293,ME,CEFALOTINA,6,0,NULL,NULL,NULL
294,ME,CEFEPIMA,6,0,NULL,NULL,NULL
295,ME,CEFOTAXIMA,6,0,NULL,NULL,NULL
296,ME,CEFPIROMA,6,0,NULL,NULL,NULL
297,ME,CEFTAZIDIMA,6,0,NULL,NULL,NULL
298,ME,CEFTRIAXONA,6,0,NULL,NULL,NULL
299,ME,CEFUROXIMA,6,0,NULL,NULL,NULL
300,ME,CIPROFLOXACINO,6,0,NULL,NULL,NULL
301,ME,CLINDAMICINA,6,0,NULL,NULL,NULL
302,ME,CLORANFENICOL,6,0,NULL,NULL,NULL
303,ME,COLISTIMETATO,6,0,NULL,NULL,NULL
304,ME,DACLATASVIR,6,0,NULL,NULL,NULL
305,ME,DARUNAVIR,6,0,NULL,NULL,NULL
306,ME,DICLOXACILINA,6,0,NULL,NULL,NULL
307,ME,DIDANOSINA,6,0,NULL,NULL,NULL
308,ME,DOLUTEGRAVIR,6,0,NULL,NULL,NULL
309,ME,EFAVIRENZ,6,0,NULL,NULL,NULL
310,ME,"EFAVIRENZ, EMTRICITABINA, TENOFOVIR",6,0,NULL,NULL,NULL
311,ME,"FUMARATO DE DISOPROXILO",6,0,NULL,NULL,NULL
312,ME,EMTRICITABINA,6,0,NULL,NULL,NULL
313,ME,"EMTRICITABINA-TENOFOVIR DISOPROXIL",6,0,NULL,NULL,NULL
314,ME,FUMARATO,6,0,NULL,NULL,NULL
315,ME,ENFUVIRTIDA,6,0,NULL,NULL,NULL
316,ME,ENTECAVIR,6,0,NULL,NULL,NULL
317,ME,ERITROMICINA,6,0,NULL,NULL,NULL
318,ME,ERTAPENEM,6,0,NULL,NULL,NULL
319,ME,ESTAVUDINA,6,0,NULL,NULL,NULL
320,ME,ETRAVIRINA,6,0,NULL,NULL,NULL
321,ME,FLUCONAZOL,6,0,NULL,NULL,NULL
322,ME,FOSAMPRENAVIR,6,0,NULL,NULL,NULL
323,ME,GANCICLOVIR,6,0,NULL,NULL,NULL
324,ME,GENTAMICINA-COLÁGENO,6,0,NULL,NULL,NULL
325,ME,"IMIPENEM Y CILASTATINA",6,0,NULL,NULL,NULL
326,ME,INDINAVIR,6,0,NULL,NULL,NULL
327,ME,KANAMICINA,6,0,NULL,NULL,NULL
328,ME,LAMIVUDINA,6,0,NULL,NULL,NULL
329,ME,"LAMIVUDINA / ZIDOVUDINA",6,0,NULL,NULL,NULL
330,ME,LEVOFLOXACINO,6,0,NULL,NULL,NULL
331,ME,LINEZOLID,6,0,NULL,NULL,NULL
332,ME,LOPINAVIR-RITONAVIR,6,0,NULL,NULL,NULL
333,ME,MARAVIROC,6,0,NULL,NULL,NULL
334,ME,MEROPENEM,6,0,NULL,NULL,NULL
335,ME,METRONIDAZOL,6,0,NULL,NULL,NULL
336,ME,MINOCICLINA,6,0,NULL,NULL,NULL
337,ME,MOXIFLOXACINO,6,0,NULL,NULL,NULL
338,ME,NEOMICINA,6,0,NULL,NULL,NULL
339,ME,NEVIRAPINA,6,0,NULL,NULL,NULL
340,ME,OFLOXACINA,6,0,NULL,NULL,NULL
341,ME,"OMBITASVIR, PARITAPREVIR, RITONAVIR Y DASABUVIR",6,0,NULL,NULL,NULL
342,ME,OSELTAMIVIR,6,0,NULL,NULL,NULL
343,ME,OXITETRACICLINA,6,0,NULL,NULL,NULL
344,ME,PALIVIZUMAB,6,0,NULL,NULL,NULL
345,ME,PENTAMIDINA,6,0,NULL,NULL,NULL
346,ME,PIPERACILINA-TAZOBACTAM,6,0,NULL,NULL,NULL
347,ME,PIRIMETAMINA,6,0,NULL,NULL,NULL
348,ME,QUINUPRISTINA-DALFOPRISTINA,6,0,NULL,NULL,NULL
349,ME,RALTEGRAVIR,6,0,NULL,NULL,NULL
350,ME,RIBAVIRINA,6,0,NULL,NULL,NULL
351,ME,RIFAXIMINA,6,0,NULL,NULL,NULL
352,ME,RIMANTADINA,6,0,NULL,NULL,NULL
353,ME,RITONAVIR,6,0,NULL,NULL,NULL
354,ME,ROXITROMICINA,6,0,NULL,NULL,NULL
355,ME,SAQUINAVIR,6,0,NULL,NULL,NULL
356,ME,SIMEPREVIR,6,0,NULL,NULL,NULL
357,ME,SOFOSBUVIR,6,0,NULL,NULL,NULL
358,ME,"SOFOSBUVIR, LEDIPASVIR",6,0,NULL,NULL,NULL
359,ME,TALIDOMIDA,6,0,NULL,NULL,NULL
360,ME,TEICOPLANINA,6,0,NULL,NULL,NULL
361,ME,"TENOFOVIR DISOPROXIL FUMARATO O",6,0,NULL,NULL,NULL
362,ME,TENOFOVIR,6,0,NULL,NULL,NULL
363,ME,TERBINAFINA,6,0,NULL,NULL,NULL
364,ME,TIGECICLINA,6,0,NULL,NULL,NULL
365,ME,TIPRANAVIR,6,0,NULL,NULL,NULL
366,ME,TOBRAMICINA,6,0,NULL,NULL,NULL
367,ME,TOBRAMICINA,6,0,NULL,NULL,NULL
368,ME,"TRIMETOPRIMA Y SULFAMETOXAZOL",6,0,NULL,NULL,NULL
369,ME,VALACICLOVIR,6,0,NULL,NULL,NULL
370,ME,VALGANCICLOVIR,6,0,NULL,NULL,NULL
371,ME,VANCOMICINA,6,0,NULL,NULL,NULL
372,ME,VORICONAZOL,6,0,NULL,NULL,NULL
373,ME,ZANAMIVIR,6,0,NULL,NULL,NULL
374,ME,ZIDOVUDINA,6,0,NULL,NULL,NULL
375,ME,CLORFENAMINA,7,1,NULL,NULL,NULL
376,ME,"CROMOGLICATO DE SODIO",7,1,NULL,NULL,NULL
377,ME,DIFENHIDRAMINA,7,1,NULL,NULL,NULL
378,ME,HIDROCORTISONA,7,1,NULL,NULL,NULL
379,ME,HIDROXIZINA,7,1,NULL,NULL,NULL
380,ME,LORATADINA,7,1,NULL,NULL,NULL
381,ME,BETAMETASONA,7,0,NULL,NULL,NULL
382,ME,CLOROPIRAMINA,7,0,NULL,NULL,NULL
383,ME,EPINASTINA,7,0,NULL,NULL,NULL
384,ME,FEXOFENADINA,7,0,NULL,NULL,NULL
385,ME,FLUTICASONA,7,0,NULL,NULL,NULL
386,ME,"INMUNOGLOBULINA G NO MODIFICADA",7,0,NULL,NULL,NULL
387,ME,"INMUNOGLOBULINA HUMANA",7,0,NULL,NULL,NULL
388,ME,"INMUNOGLOBULINA HUMANA NORMAL",7,0,NULL,NULL,NULL
389,ME,SUBCUTÁNEA,7,0,NULL,NULL,NULL
390,ME,KETOTIFENO,7,0,NULL,NULL,NULL
391,ME,LEVOCETIRIZINA,7,0,NULL,NULL,NULL
392,ME,LORATADINA,7,0,NULL,NULL,NULL
393,ME,MOMETASONA,7,0,NULL,NULL,NULL
394,ME,"ACEITE DE RICINO",8,1,NULL,NULL,NULL
395,ME,"ACEITE MINERAL",8,1,NULL,NULL,NULL
396,ME,ALUMINIO,8,1,NULL,NULL,NULL
397,ME,"ALUMINIO Y MAGNESIO",8,1,NULL,NULL,NULL
398,ME,BISMUTO,8,1,NULL,NULL,NULL
399,ME,"BUTILHIOSCINA O HIOSCINA",8,1,NULL,NULL,NULL
400,ME,BUTILHIOSCINA-METAMIZOL,8,1,NULL,NULL,NULL
401,ME,CINITAPRIDA,8,1,NULL,NULL,NULL
402,ME,CISAPRIDA,8,1,NULL,NULL,NULL
403,ME,"FOSFATO Y CITRATO DE SODIO",8,1,NULL,NULL,NULL
404,ME,GLICEROL,8,1,NULL,NULL,NULL
405,ME,"LIDOCAÍNA - HIDROCORTISONA",8,1,NULL,NULL,NULL
406,ME,LOPERAMIDA,8,1,NULL,NULL,NULL
407,ME,MAGNESIO,8,1,NULL,NULL,NULL
408,ME,METOCLOPRAMIDA,8,1,NULL,NULL,NULL
409,ME,"PLÁNTAGO OVATA - SENÓSIDOS A Y B",8,1,NULL,NULL,NULL
410,ME,"PLÁNTAGO PSYLLIUM",8,1,NULL,NULL,NULL
411,ME,RANITIDINA,8,1,NULL,NULL,NULL
412,ME,"SENÓSIDOS A-B",8,1,NULL,NULL,NULL
413,ME,"ÁCIDO URSODEOXICÓLICO",8,0,NULL,NULL,NULL
414,ME,BOCEPREVIR,8,0,NULL,NULL,NULL
415,ME,BUDESONIDA,8,0,NULL,NULL,NULL
416,ME,DEXLANSOPRAZOL,8,0,NULL,NULL,NULL
417,ME,ESOMEPRAZOL,8,0,NULL,NULL,NULL
418,ME,L-ORNITINA-L-ASPARTATO,8,0,NULL,NULL,NULL
419,ME,LIDOCAÍNA,8,0,NULL,NULL,NULL
420,ME,MESALAZINA,8,0,NULL,NULL,NULL
421,ME,OCTREOTIDA,8,0,NULL,NULL,NULL
422,ME,"OMEPRAZOL O PANTOPRAZOL",8,0,NULL,NULL,NULL
423,ME,PANCREATINA,8,0,NULL,NULL,NULL
424,ME,"PANTOPRAZOL O RABEPRAZOL U OMEPRAZOL",8,0,NULL,NULL,NULL
425,ME,"PEGINTERFERÓN ALFA",8,0,NULL,NULL,NULL
426,ME,PINAVERIO,8,0,NULL,NULL,NULL
427,ME,POLIDOCANOL,8,0,NULL,NULL,NULL
428,ME,POLIETILENGLICOL,8,0,NULL,NULL,NULL
429,ME,RANITIDINA,8,0,NULL,NULL,NULL
430,ME,"RESINA DE COLESTIRAMINA",8,0,NULL,NULL,NULL
431,ME,SOMATOSTATINA,8,0,NULL,NULL,NULL
432,ME,SUCRALFATO,8,0,NULL,NULL,NULL
433,ME,SULFASALAZINA,8,0,NULL,NULL,NULL
434,ME,TEGASEROD,8,0,NULL,NULL,NULL
435,ME,TERLIPRESINA,8,0,NULL,NULL,NULL
436,ME,TIETILPERAZINA,8,0,NULL,NULL,NULL
437,ME,ESTRIOL,9,1,NULL,NULL,NULL
438,ME,"ESTRÓGENOS CONJUGADOS",9,1,NULL,NULL,NULL
439,ME,METRONIDAZOL,9,1,NULL,NULL,NULL
440,ME,NISTATINA,9,1,NULL,NULL,NULL
441,ME,NITROFURAL,9,1,NULL,NULL,NULL
442,ME,"ÁCIDO ALENDRÓNICO",9,0,NULL,NULL,NULL
443,ME,"ÁCIDO RISEDRÓNICO",9,0,NULL,NULL,NULL
444,ME,ATOSIBÁN,9,0,NULL,NULL,NULL
445,ME,BROMOCRIPTINA,9,0,NULL,NULL,NULL
446,ME,CABERGOLINA,9,0,NULL,NULL,NULL
447,ME,CARBETOCINA,9,0,NULL,NULL,NULL
448,ME,CIPROTERONA-ETINILESTRADIOL,9,0,NULL,NULL,NULL
449,ME,CLOMIFENO,9,0,NULL,NULL,NULL
450,ME,CLORMADINONA,9,0,NULL,NULL,NULL
451,ME,DANAZOL,9,0,NULL,NULL,NULL
452,ME,DIENOGEST,9,0,NULL,NULL,NULL
453,ME,DINOPROSTONA,9,0,NULL,NULL,NULL
454,ME,ERGOMETRINA,9,0,NULL,NULL,NULL
455,ME,"ESTRADIOL CIPROTERONA",9,0,NULL,NULL,NULL
456,ME,"ESTRADIOL, DROSPIRENONA",9,0,NULL,NULL,NULL
457,ME,ESTRADIOL-NORETISTERONA,9,0,NULL,NULL,NULL
458,ME,ESTRADIOL-TRIMEGESTERONA,9,0,NULL,NULL,NULL
459,ME,"ESTRADIOL VALERATO DE",9,0,NULL,NULL,NULL
460,ME,"ESTRÓGENOS CONJUGADOS Y MEDROXIPROGESTERONA",9,0,NULL,NULL,NULL
461,ME,"FOLITROPINA ALFA O FOLITROPINA BETA",9,0,NULL,NULL,NULL
462,ME,"FOLITROPINA BETA",9,0,NULL,NULL,NULL
463,ME,"GONADOTROFINAS POSTMENOPÁUSICAS HUMANAS",9,0,NULL,NULL,NULL
464,ME,"HIDROXIPROGESTERONA CAPROATO DE",9,0,NULL,NULL,NULL
465,ME,INDOMETACINA,9,0,NULL,NULL,NULL
466,ME,"INMUNOGLOBULINA ANTI D",9,0,NULL,NULL,NULL
467,ME,LINESTRENOL,9,0,NULL,NULL,NULL
468,ME,"LUTROPINA ALFA",9,0,NULL,NULL,NULL
469,ME,MEDROXIPROGESTERONA,9,0,NULL,NULL,NULL
470,ME,MESTRANOL,9,0,NULL,NULL,NULL
471,ME,MIFEPRISTONA,9,0,NULL,NULL,NULL
472,ME,MISOPROSTOL,9,0,NULL,NULL,NULL
473,ME,ORCIPRENALINA,9,0,NULL,NULL,NULL
474,ME,OXITOCINA,9,0,NULL,NULL,NULL
475,ME,PROGESTERONA,9,0,NULL,NULL,NULL
476,ME,RALOXIFENO,9,0,NULL,NULL,NULL
477,ME,TIBOLONA,9,0,NULL,NULL,NULL
478,ME,UROFOLITROPINA,9,0,NULL,NULL,NULL
479,ME,ACENOCUMAROL,10,1,NULL,NULL,NULL
480,ME,FITOMENADIONA,10,1,NULL,NULL,NULL
481,ME,"FUMARATO FERROSO",10,1,NULL,NULL,NULL
482,ME,MENADIONA,10,1,NULL,NULL,NULL
483,ME,"SULFATO FERROSO",10,1,NULL,NULL,NULL
484,ME,ABCIXIMAB,10,0,NULL,NULL,NULL
485,ME,"ÁCIDO AMINOCAPROICO",10,0,NULL,NULL,NULL
486,ME,"ANTITROMBINA III",10,0,NULL,NULL,NULL
487,ME,APIXABÁN,10,0,NULL,NULL,NULL
488,ME,APROTININA,10,0,NULL,NULL,NULL
489,ME,"BEMIPARINA DE SODIO",10,0,NULL,NULL,NULL
490,ME,"CLOPIDOGREL, ÁCIDO ACETILSALICÍLICO",10,0,NULL,NULL,NULL
491,ME,"COMPLEJO COAGULANTE ANTI-INHIBIDOR DEL FACTOR VIII",10,0,NULL,NULL,NULL
492,ME,"COMPLEJO DE PROTOMBINA HUMANA",10,0,NULL,NULL,NULL
493,ME,"CONCENTRADO DE PROTEÍNAS HUMANAS",10,0,NULL,NULL,NULL
494,ME,COAGULABLES,10,0,NULL,NULL,NULL
495,ME,DABIGATRÁN,10,0,NULL,NULL,NULL
496,ME,"DABIGATRÁN ETEXILATO",10,0,NULL,NULL,NULL
497,ME,"DARBEPOETINA ALFA",10,0,NULL,NULL,NULL
498,ME,DEFERASIROX,10,0,NULL,NULL,NULL
499,ME,DESMOPRESINA,10,0,NULL,NULL,NULL
500,ME,DEXAMETASONA,10,0,NULL,NULL,NULL
501,ME,ELTROMBOPAG,10,0,NULL,NULL,NULL
502,ME,ENOXAPARINA,10,0,NULL,NULL,NULL
503,ME,"ENOXAPARINA SÓDICA",10,0,NULL,NULL,NULL
504,ME,"EPTACOG ALFA (FACTOR DE COAGULACIÓN VII ALFA RECOMBINANTE)",10,0,NULL,NULL,NULL
505,ME,"FACTOR ANTIHEMOFÍLICO HUMANO",10,0,NULL,NULL,NULL
506,ME,"FACTOR VIII ANTIHEMOFILICO, FACTOR DE VON WILLEBRAND",10,0,NULL,NULL,NULL
507,ME,"FACTOR VIII ANTIHEMOFILICO HUMANO, FACTOR DE VON WILLEBRAND",10,0,NULL,NULL,NULL
508,ME,"FACTOR VIII DE LA COAGULACIÓN SANGUÍNEA HUMANO/FACTOR DE VON WILLEBRAND",10,0,NULL,NULL,NULL
509,ME,"FACTOR VIII DE LA COAGULACIÓN HUMANO",10,0,NULL,NULL,NULL
510,ME,"FACTOR VIII RECOMBINANTE",10,0,NULL,NULL,NULL
511,ME,"FACTOR IX",10,0,NULL,NULL,NULL
512,ME,"FIBRINÓGENO HUMANO",10,0,NULL,NULL,NULL
513,ME,FONDAPARINUX,10,0,NULL,NULL,NULL
514,ME,"GLOBULINA EQUINA ANTITIMOCÍTICA HUMANA",10,0,NULL,NULL,NULL
515,ME,HEPARINA,10,0,NULL,NULL,NULL
516,ME,HIDROXOCOBALAMINA,10,0,NULL,NULL,NULL
517,ME,"HIERRO DEXTRÁN",10,0,NULL,NULL,NULL
518,ME,INTERFERÓN,10,0,NULL,NULL,NULL
519,ME,"MOROCTOCOG ALFA",10,0,NULL,NULL,NULL
520,ME,NADROPARINA,10,0,NULL,NULL,NULL
521,ME,"OCTOCOG ALFA (FACTOR VIII DE LA COAGULACIÓN SANGUÍNEA HUMANA RECOMBINANTE ADNr)",10,0,NULL,NULL,NULL
522,ME,PRASUGREL,10,0,NULL,NULL,NULL
523,ME,RIVAROXABÁN,10,0,NULL,NULL,NULL
524,ME,ROMIPLOSTIM,10,0,NULL,NULL,NULL
525,ME,TICAGRELOR,10,0,NULL,NULL,NULL
526,ME,"TINZAPARINA SÓDICA",10,0,NULL,NULL,NULL
527,ME,"TUROCTOCOG ALFA (FACTOR VIII DE COAGULACIÓN HUMANO DE ORIGEN ADN RECOMBINANTE)",10,0,NULL,NULL,NULL
528,ME,WARFARINA,10,0,NULL,NULL,NULL
529,ME,ATROPINA,11,1,NULL,NULL,NULL
530,ME,"CARBÓN ACTIVADO",11,1,NULL,NULL,NULL
531,ME,PROTAMINA,11,1,NULL,NULL,NULL
532,ME,NICOTINA,11,1,NULL,NULL,NULL
533,ME,ACETILCISTEÍNA,11,0,NULL,NULL,NULL
534,ME,FLUMAZENIL,11,0,NULL,NULL,NULL
535,ME,"METILTIONINO, CLORURO DE (Azul de metileno)",11,0,NULL,NULL,NULL
536,ME,NALOXONA,11,0,NULL,NULL,NULL
537,ME,NEOSTIGMINA,11,0,NULL,NULL,NULL
538,ME,PENICILAMINA,11,0,NULL,NULL,NULL
539,ME,CLORTALIDONA,12,1,NULL,NULL,NULL
540,ME,ESPIRONOLACTONA,12,1,NULL,NULL,NULL
541,ME,FENAZOPIRIDINA,12,1,NULL,NULL,NULL
542,ME,FUROSEMIDA,12,1,NULL,NULL,NULL
543,ME,HIDROCLOROTIAZIDA,12,1,NULL,NULL,NULL
544,ME,PREDNISONA,12,1,NULL,NULL,NULL
545,ME,"ÁCIDO MICOFENÓLICO",12,0,NULL,NULL,NULL
546,ME,ACETAZOLAMIDA,12,0,NULL,NULL,NULL
547,ME,"ALFA CETOANÁLOGOS DE AMINOÁCIDOS",12,0,NULL,NULL,NULL
548,ME,"ANTICUERPOS MONOCLONALES CD3",12,0,NULL,NULL,NULL
549,ME,BASILIXIMAB,12,0,NULL,NULL,NULL
550,ME,CICLOSPORINA,12,0,NULL,NULL,NULL
551,ME,CIPROTERONA,12,0,NULL,NULL,NULL
552,ME,DACLIZUMAB,12,0,NULL,NULL,NULL
553,ME,"DARBEPOETINA ALFA",12,0,NULL,NULL,NULL
554,ME,DUTASTERIDA,12,0,NULL,NULL,NULL
555,ME,ERITROPOYETINA,12,0,NULL,NULL,NULL
556,ME,"INMUNOGLOBULINA ANTILINFOCITOS T HUMANOS",12,0,NULL,NULL,NULL
557,ME,MANITOL,12,0,NULL,NULL,NULL
558,ME,"METOXI-POLIETILENGLICOL ERITROPOYETINA",12,0,NULL,NULL,NULL
559,ME,BETA,12,0,NULL,NULL,NULL
560,ME,OXIBUTININA,12,0,NULL,NULL,NULL
561,ME,SEVELÁMERO,12,0,NULL,NULL,NULL
562,ME,SILDENAFIL,12,0,NULL,NULL,NULL
563,ME,SIROLIMUS,12,0,NULL,NULL,NULL
564,ME,"SISTEMA INTEGRAL PARA LA APLICACIÓN DE DIÁLISIS PERITONEAL AUTOMATIZADA",12,0,NULL,NULL,NULL
565,ME,"SISTEMA INTEGRAL PARA LA APLICACIÓN DE DIÁLISIS PERITONEAL CONTINUA AMBULATORIA",12,0,NULL,NULL,NULL
566,ME,"SOLUCIÓN PARA DIÁLISIS PERITONEAL",12,0,NULL,NULL,NULL
567,ME,"SOLUCIÓN PARA DIÁLISIS PERITONEAL CON SISTEMA DE DOBLE BOLSA",12,0,NULL,NULL,NULL
568,ME,"SOLUCIÓN PARA DIÁLISIS PERITONEAL BAJA EN MAGNESIO",12,0,NULL,NULL,NULL
569,ME,"SOLUCIÓN PARA DIÁLISIS PERITONEAL BAJA EN MAGNESIO CON SISTEMA DE DOBLE BOLSA",12,0,NULL,NULL,NULL
570,ME,"SOLUCIÓN PARA DIÁLISIS PERITONEAL CON AMINOÁCIDOS",12,0,NULL,NULL,NULL
571,ME,"SOLUCIÓN PARA DIÁLISIS PERITONEAL CON ICODEXTRINA",12,0,NULL,NULL,NULL
572,ME,TACROLIMUS,12,0,NULL,NULL,NULL
573,ME,TADALAFIL,12,0,NULL,NULL,NULL
574,ME,TAMSULOSINA,12,0,NULL,NULL,NULL
575,ME,TOLTERODINA,12,0,NULL,NULL,NULL
576,ME,VARDENAFIL,12,0,NULL,NULL,NULL
577,ME,ACETILCISTEÍNA,13,1,NULL,NULL,NULL
578,ME,AMBROXOL,13,1,NULL,NULL,NULL
579,ME,AMINOFILINA,13,1,NULL,NULL,NULL
580,ME,"BECLOMETASONA, DIPROPIONATO DE",13,1,NULL,NULL,NULL
581,ME,BENZONATATO,13,1,NULL,NULL,NULL
582,ME,BROMHEXINA,13,1,NULL,NULL,NULL
583,ME,DEXTROMETORFANO,13,1,NULL,NULL,NULL
584,ME,SALBUTAMOL,13,1,NULL,NULL,NULL
585,ME,TEOFILINA,13,1,NULL,NULL,NULL
586,ME,TERBUTALINA,13,1,NULL,NULL,NULL
587,ME,ALFA-DORNASA,13,0,NULL,NULL,NULL
588,ME,BERACTANT,13,0,NULL,NULL,NULL
589,ME,BOSENTAN,13,0,NULL,NULL,NULL
590,ME,"BROMURO DE GLICOPIRRONIO",13,0,NULL,NULL,NULL
591,ME,BUDESONIDA,13,0,NULL,NULL,NULL
592,ME,BUDESONIDA-FORMOTEROL,13,0,NULL,NULL,NULL
593,ME,"CODEÍNA CON EFEDRINA",13,0,NULL,NULL,NULL
594,ME,FLUTICASONA,13,0,NULL,NULL,NULL
595,ME,"FLUTICASONA, VILANTEROL",13,0,NULL,NULL,NULL
596,ME,"FOSFOLÍPIDOS DE PULMÓN PORCINO",13,0,NULL,NULL,NULL
597,ME,ILOPROST,13,0,NULL,NULL,NULL
598,ME,INDACATEROL,13,0,NULL,NULL,NULL
599,ME,"INDACATEROL / GLICOPIRRONIO",13,0,NULL,NULL,NULL
600,ME,IPRATROPIO,13,0,NULL,NULL,NULL
601,ME,IPRATROPIO-SALBUTAMOL,13,0,NULL,NULL,NULL
602,ME,MACITENTÁN,13,0,NULL,NULL,NULL
603,ME,MONTELUKAST,13,0,NULL,NULL,NULL
604,ME,NICOTINA,13,0,NULL,NULL,NULL
605,ME,NINTEDANIB,13,0,NULL,NULL,NULL
606,ME,OMALIZUMAB,13,0,NULL,NULL,NULL
607,ME,PIRFENIDONA,13,0,NULL,NULL,NULL
608,ME,SALBUTAMOL,13,0,NULL,NULL,NULL
609,ME,SALMETEROL,13,0,NULL,NULL,NULL
610,ME,"SALMETEROL, FLUTICASONA",13,0,NULL,NULL,NULL
611,ME,SILDENAFIL,13,0,NULL,NULL,NULL
612,ME,TADALAFIL,13,0,NULL,NULL,NULL
613,ME,TERBUTALINA,13,0,NULL,NULL,NULL
614,ME,"TIOTROPIO, BROMURO DE",13,0,NULL,NULL,NULL
615,ME,VARENICLINA,13,0,NULL,NULL,NULL
616,ME,ZAFIRLUKAST,13,0,NULL,NULL,NULL
617,ME,"ÁCIDO VALPROICO",14,1,NULL,NULL,NULL
618,ME,CARBAMAZEPINA,14,1,NULL,NULL,NULL
619,ME,CLORAL,14,1,NULL,NULL,NULL
620,ME,CLORODIAZEPÓXIDO,14,1,NULL,NULL,NULL
621,ME,DIAZEPAM,14,1,NULL,NULL,NULL
622,ME,"DIHIDROERGOTAMINA – PARACETAMOL - CAFEÍNA",14,1,NULL,NULL,NULL
623,ME,"ERGOTAMINA Y CAFEÍNA",14,1,NULL,NULL,NULL
624,ME,FENITOÍNA,14,1,NULL,NULL,NULL
625,ME,FENOBARBITAL,14,1,NULL,NULL,NULL
626,ME,PRIMIDONA,14,1,NULL,NULL,NULL
627,ME,"VALPROATO DE MAGNESIO",14,1,NULL,NULL,NULL
628,ME,"VALPROATO SEMISÓDICO",14,1,NULL,NULL,NULL
629,ME,"ACETATO DE GLATIRAMER",14,0,NULL,NULL,NULL
630,ME,ALMOTRIPTAN,14,0,NULL,NULL,NULL
631,ME,ATOMOXETINA,14,0,NULL,NULL,NULL
632,ME,BIPERIDENO,14,0,NULL,NULL,NULL
633,ME,CLOBAZAM,14,0,NULL,NULL,NULL
634,ME,CLONAZEPAM,14,0,NULL,NULL,NULL
635,ME,DIMETILFUMARATO,14,0,NULL,NULL,NULL
636,ME,"DIPIRIDAMOL-ÁCIDO ACETILSALICÍLICO",14,0,NULL,NULL,NULL
637,ME,DONEPECILO,14,0,NULL,NULL,NULL
638,ME,ELETRIPTÁN,14,0,NULL,NULL,NULL
639,ME,"ENTACAPONA, LEVODOPA, CARBIDOPA",14,0,NULL,NULL,NULL
640,ME,FINGOLIMOD,14,0,NULL,NULL,NULL
641,ME,FLUNARIZINA,14,0,NULL,NULL,NULL
642,ME,GABAPENTINA,14,0,NULL,NULL,NULL
643,ME,GALANTAMINA,14,0,NULL,NULL,NULL
644,ME,"INTERFERÓN (BETA)",14,0,NULL,NULL,NULL
645,ME,LACOSAMIDA,14,0,NULL,NULL,NULL
646,ME,LAMOTRIGINA,14,0,NULL,NULL,NULL
647,ME,LEVETIRACETAM,14,0,NULL,NULL,NULL
648,ME,"LEVODOPA Y CARBIDOPA",14,0,NULL,NULL,NULL
649,ME,METILFENIDATO,14,0,NULL,NULL,NULL
650,ME,NATALIZUMAB,14,0,NULL,NULL,NULL
651,ME,NIMODIPINO,14,0,NULL,NULL,NULL
652,ME,OXCARBAZEPINA,14,0,NULL,NULL,NULL
653,ME,PERFENAZINA,14,0,NULL,NULL,NULL
654,ME,PIRIDOSTIGMINA,14,0,NULL,NULL,NULL
655,ME,PRAMIPEXOL,14,0,NULL,NULL,NULL
656,ME,PREGABALINA,14,0,NULL,NULL,NULL
657,ME,RASAGILINA,14,0,NULL,NULL,NULL
658,ME,RIVASTIGMINA,14,0,NULL,NULL,NULL
659,ME,RIZATRIPTÁN,14,0,NULL,NULL,NULL
660,ME,ROTIGOTINA,14,0,NULL,NULL,NULL
661,ME,SUMATRIPTÁN,14,0,NULL,NULL,NULL
662,ME,TOPIRAMATO,14,0,NULL,NULL,NULL
663,ME,"TOXINA BOTULÍNICA TIPO A",14,0,NULL,NULL,NULL
664,ME,TRIHEXIFENIDILO,14,0,NULL,NULL,NULL
665,ME,"VALPROATO SEMISÓDICO",14,0,NULL,NULL,NULL
666,ME,VIGABATRINA,14,0,NULL,NULL,NULL
667,ME,ZOLMITRIPTANO,14,0,NULL,NULL,NULL
668,ME,"ÁCIDO ASCÓRBICO",15,1,NULL,NULL,NULL
669,ME,"ÁCIDO FÓLICO",15,1,NULL,NULL,NULL
670,ME,"ALIMENTO MÉDICO PARA MENORES DE UN AÑO CON ACIDEMIA ISOVALERICA Y OTROS TRASTORNOS DEL METABOLISMO DE LA LEUCINA",15,1,NULL,NULL,NULL
671,ME,"ALIMENTO MÉDICO PARA NIÑOS DE 1 A 8 AÑOS CON ACIDEMIA ISOVALERICAY OTROS TRASTORNOS DEL METABOLISMO DE LA LEUCINA",15,1,NULL,NULL,NULL
672,ME,"ALIMENTO MÉDICO PARA NIÑOS DE 8 AÑOS A ADULTOS CON ACIDEMIA ISOVALERICA Y OTROS TRASTORNOS DEL METABOLISMO DE LA LEUCINA",15,1,NULL,NULL,NULL
673,ME,"CASEINATO DE CALCIO",15,1,NULL,NULL,NULL
674,ME,"COMPLEJO B",15,1,NULL,NULL,NULL
675,ME,"DIETA POLIMÉRICA A BASE DE CASEINATO DE CALCIO O PROTEÍNAS, GRASAS, VITAMINAS, MINERALES",15,1,NULL,NULL,NULL
676,ME,"FORMULA DE PROTEÍNA AISLADA DE SOYA",15,1,NULL,NULL,NULL
677,ME,"FÓRMULA DE PROTEÍNA HIDROLIZADA DE ARROZ ETAPA 1",15,1,NULL,NULL,NULL
678,ME,"FÓRMULA DE PROTEÍNA HIDROLIZADA DE ARROZ ETAPA 2",15,1,NULL,NULL,NULL
679,ME,"FÓRMULA DE SEGUIMIENTO O CONTINUACIÓN",15,1,NULL,NULL,NULL
680,ME,"MIEL DE MAÍZ",15,1,NULL,NULL,NULL
681,ME,PIRIDOXINA,15,1,NULL,NULL,NULL
682,ME,"MULTIVITAMINAS (POLIVITAMINAS) Y MINERALES",15,1,NULL,NULL,NULL
683,ME,"SUCEDÁNEO DE LECHE HUMANA DE PRETÉRMINO",15,1,NULL,NULL,NULL
684,ME,"SUCEDÁNEO DE LECHE HUMANA DE TÉRMINO",15,1,NULL,NULL,NULL
685,ME,"SUCEDÁNEO DE LECHE HUMANA DE TÉRMINO SIN LACTOSA",15,1,NULL,NULL,NULL
686,ME,"VITAMINA E",15,1,NULL,NULL,NULL
687,ME,"VITAMINAS A ,C y D",15,1,NULL,NULL,NULL
688,ME,"ÁCIDO ASCÓRBICO",15,0,NULL,NULL,NULL
689,ME,"ALANINA Y LEVOGLUTAMINA",15,0,NULL,NULL,NULL
690,ME,"ALIMENTO MÉDICO PARA PACIENTES CON HOMOCISTINURIA, RECIÉN NACIDOS A 7 AÑOS 11 MESES DE EDAD",15,0,NULL,NULL,NULL
691,ME,"ALIMENTO MÉDICO PARA PACIENTES CON HOMOCISTINURIA, DE 8 AÑOS O MAYORES Y ADULTOS",15,0,NULL,NULL,NULL
692,ME,"ALIMENTO MÉDICO PARA PACIENTES CON TRASTORNO DEL CICLO DE LA UREA, RECIÉN NACIDOS A 7 AÑOS 11 MESES DE EDAD",15,0,NULL,NULL,NULL
693,ME,"ALIMENTO MÉDICO PARA PACIENTES CON TRASTORNO DEL CICLO DE LA UREA, DE 8 AÑOS O MAYORES Y ADULTOS",15,0,NULL,NULL,NULL
694,ME,"ALIMENTO MÉDICO PARA PACIENTES CON ACIDEMIA METILMALÓNICA Y PROPIÓNICA, DE RECIÉN NACIDOS A 7 AÑOS 11 MESES DE EDAD",15,0,NULL,NULL,NULL
695,ME,"ALIMENTO MÉDICO PARA PACIENTES CON ACIDEMIA METILMALÓNICA Y PROPIÓNICA, DE 8 AÑOS O MAYORES Y ADULTOS",15,0,NULL,NULL,NULL
696,ME,"ALIMENTO MÉDICO PARA PACIENTES CON ENFERMEDAD DE ORINA DE JARABE DE MAPLE (ARCE), DE RECIÉN NACIDOS A 7 AÑOS 11 MESES DE EDAD",15,0,NULL,NULL,NULL
697,ME,"ALIMENTO MÉDICO PARA PACIENTES CON ENFERMEDAD DE ORINA DE JARABE DE MAPLE (ARCE), DE 8 AÑOS O MAYORES Y ADULTOS",15,0,NULL,NULL,NULL
698,ME,"AMINOÁCIDOS CRISTALINOS",15,0,NULL,NULL,NULL
699,ME,"AMINOÁCIDOS CON ELECTROLITOS",15,0,NULL,NULL,NULL
700,ME,"AMINOÁCIDOS ENRIQUECIDOS CON AMINOÁCIDOS DE CADENA RAMIFICADA",15,0,NULL,NULL,NULL
701,ME,"AMINOÁCIDOS ESENCIALES SIN ELECTROLITOS",15,0,NULL,NULL,NULL
702,ME,CROMO,15,0,NULL,NULL,NULL
703,ME,D-BIOTINA,15,0,NULL,NULL,NULL
704,ME,"DIETA ELEMENTAL",15,0,NULL,NULL,NULL
705,ME,"DIETA POLIMÉRICA CON FIBRA",15,0,NULL,NULL,NULL
706,ME,"DIETA POLIMÉRICA SIN FIBRA",15,0,NULL,NULL,NULL
707,ME,"FORMULA DE INICIO LIBRE DE FENILALANINA",15,0,NULL,NULL,NULL
708,ME,"FORMULA DE SEGUIMIENTO LIBRE DE FENILALANINA",15,0,NULL,NULL,NULL
709,ME,"FORMULA LIBRE DE FENILALANINA PARA ADOLESCENTE Y ADULTO",15,0,NULL,NULL,NULL
710,ME,"FÓRMULA CON PROTEÍNA A BASE DE AMINOÁCIDOS",15,0,NULL,NULL,NULL
711,ME,"FORMULA DE PROTEÍNA EXTENSAMENTE HIDROLIZADA",15,0,NULL,NULL,NULL
712,ME,"FORMULA DE PROTEÍNA EXTENSAMENTE HIDROLIZADA CON TRIGLICÉRIDOS DE CADENA MEDIA",15,0,NULL,NULL,NULL
713,ME,"FORMULA O DIETA INMUNORREGULADORA",15,0,NULL,NULL,NULL
714,ME,HIDROXOCOBALAMINA,15,0,NULL,NULL,NULL
715,ME,"HIERRO AMINOQUELADO Y ÁCIDO FÓLICO",15,0,NULL,NULL,NULL
716,ME,"LECHE DESCREMADA",15,0,NULL,NULL,NULL
717,ME,LEVOCARNITINA,15,0,NULL,NULL,NULL
718,ME,"LÍPIDOS INTRAVENOSOS: ACEITE DE PESCADO (ÁCIDOS GRASOS)",15,0,NULL,NULL,NULL
719,ME,"LÍPIDOS INTRAVENOSOS",15,0,NULL,NULL,NULL
720,ME,MANGANESO,15,0,NULL,NULL,NULL
721,ME,MULTIVITAMINAS,15,0,NULL,NULL,NULL
722,ME,"NUTRICIÓN PARENTERAL",15,0,NULL,NULL,NULL
723,ME,"NUTRICIÓN PARENTERAL A BASE DE LÍPIDOS, AMINOÁCIDOS, GLUCOSA, ELECTROLITOS",15,0,NULL,NULL,NULL
724,ME,"OLIGOMETALES ENDOVENOSOS",15,0,NULL,NULL,NULL
725,ME,"SACARATO FÉRRICO",15,0,NULL,NULL,NULL
726,ME,SELENIO,15,0,NULL,NULL,NULL
727,ME,TIAMINA,15,0,NULL,NULL,NULL
728,ME,"VITAMINA A",15,0,NULL,NULL,NULL
729,ME,"VITAMINAS Y MINERALES",15,0,NULL,NULL,NULL
730,ME,ZINC,15,0,NULL,NULL,NULL
731,ME,"ALCOHOL POLIVINÍLICO",16,1,NULL,NULL,NULL
732,ME,CLORANFENICOL,16,1,NULL,NULL,NULL
733,ME,"CLORANFENICOL-SULFACETAMIDA SÓDICA",16,1,NULL,NULL,NULL
734,ME,HIPROMELOSA,16,1,NULL,NULL,NULL
735,ME,"LANOLINA Y ACEITE MINERAL",16,1,NULL,NULL,NULL
736,ME,NAFAZOLINA,16,1,NULL,NULL,NULL
737,ME,"NEOMICINA, POLIMIXINA B Y GRAMICIDINA",16,1,NULL,NULL,NULL
738,ME,SULFACETAMIDA,16,1,NULL,NULL,NULL
739,ME,"ZINC Y FENILEFRINA",16,1,NULL,NULL,NULL
740,ME,"ACETILCOLINA, CLORURO DE",16,0,NULL,NULL,NULL
741,ME,ACICLOVIR,16,0,NULL,NULL,NULL
742,ME,AFLIBERCEPT,16,0,NULL,NULL,NULL
743,ME,ATROPINA,16,0,NULL,NULL,NULL
744,ME,BETAXOLOL,16,0,NULL,NULL,NULL
745,ME,BRIMONIDINA,16,0,NULL,NULL,NULL
746,ME,"BRIMONIDINA - TIMOLOL",16,0,NULL,NULL,NULL
747,ME,CICLOPENTOLATO,16,0,NULL,NULL,NULL
748,ME,CICLOSPORINA,16,0,NULL,NULL,NULL
749,ME,CIPROFLOXACINO,16,0,NULL,NULL,NULL
750,ME,"CLORURO DE SODIO",16,0,NULL,NULL,NULL
751,ME,"CROMOGLICATO DE SODIO",16,0,NULL,NULL,NULL
752,ME,DEXAMETASONA,16,0,NULL,NULL,NULL
753,ME,DICLOFENACO,16,0,NULL,NULL,NULL
754,ME,DIPIVEFRINA,16,0,NULL,NULL,NULL
755,ME,DORZOLAMIDA,16,0,NULL,NULL,NULL
756,ME,"DORZOLAMIDA Y TIMOLOL",16,0,NULL,NULL,NULL
757,ME,FENILEFRINA,16,0,NULL,NULL,NULL
758,ME,FENIRAMINA-NAFAZOLINA,16,0,NULL,NULL,NULL
759,ME,FLUOROMETALONA,16,0,NULL,NULL,NULL
760,ME,GENTAMICINA,16,0,NULL,NULL,NULL
761,ME,"HIALURONATO DE SODIO",16,0,NULL,NULL,NULL
762,ME,HOMATROPINA,16,0,NULL,NULL,NULL
763,ME,IDOXURIDINA,16,0,NULL,NULL,NULL
764,ME,LATANOPROST,16,0,NULL,NULL,NULL
765,ME,"LEVOBUNOLOL-ALCOHOL POLIVINÍLICO",16,0,NULL,NULL,NULL
766,ME,LEVOCABASTINA,16,0,NULL,NULL,NULL
767,ME,LEVOEPINEFRINA,16,0,NULL,NULL,NULL
768,ME,MEDRISONA,16,0,NULL,NULL,NULL
769,ME,"NEOMICINA, POLIMIXINA B Y BACITRACINA",16,0,NULL,NULL,NULL
770,ME,NORFLOXACINO,16,0,NULL,NULL,NULL
771,ME,PILOCARPINA,16,0,NULL,NULL,NULL
772,ME,PREDNISOLONA,16,0,NULL,NULL,NULL
773,ME,PREDNISOLONA-SULFACETAMIDA,16,0,NULL,NULL,NULL
774,ME,PROXIMETACAÍNA,16,0,NULL,NULL,NULL
775,ME,RANIBIZUMAB,16,0,NULL,NULL,NULL
776,ME,TETRACAÍNA,16,0,NULL,NULL,NULL
777,ME,TIMOLOL,16,0,NULL,NULL,NULL
778,ME,TOBRAMICINA,16,0,NULL,NULL,NULL
779,ME,TRAVOPROST,16,0,NULL,NULL,NULL
780,ME,TROPICAMIDA,16,0,NULL,NULL,NULL
781,ME,VERTEPORFINA,16,0,NULL,NULL,NULL
782,ME,ABIRATERONA,17,0,NULL,NULL,NULL
783,ME,"ÁCIDO FOLÍNICO",17,0,NULL,NULL,NULL
784,ME,"ÁCIDO ZOLEDRÓNICO",17,0,NULL,NULL,NULL
785,ME,AMIFOSTINA,17,0,NULL,NULL,NULL
786,ME,ANASTROZOL,17,0,NULL,NULL,NULL
787,ME,APREPITANT,17,0,NULL,NULL,NULL
788,ME,AXITINIB,17,0,NULL,NULL,NULL
789,ME,AZACITIDINA,17,0,NULL,NULL,NULL
790,ME,"BCG INMUNOTERAPÉUTICO",17,0,NULL,NULL,NULL
791,ME,BEVACIZUMAB,17,0,NULL,NULL,NULL
792,ME,BICALUTAMIDA,17,0,NULL,NULL,NULL
793,ME,BLEOMICINA,17,0,NULL,NULL,NULL
794,ME,BORTEZOMIB,17,0,NULL,NULL,NULL
795,ME,BUSERELINA,17,0,NULL,NULL,NULL
796,ME,BUSULFÁN,17,0,NULL,NULL,NULL
797,ME,CABAZITAXEL,17,0,NULL,NULL,NULL
798,ME,CAPECITABINA,17,0,NULL,NULL,NULL
799,ME,CARBOPLATINO,17,0,NULL,NULL,NULL
800,ME,CARMUSTINA,17,0,NULL,NULL,NULL
801,ME,CETUXIMAB,17,0,NULL,NULL,NULL
802,ME,CICLOFOSFAMIDA,17,0,NULL,NULL,NULL
803,ME,CISPLATINO,17,0,NULL,NULL,NULL
804,ME,CITARABINA,17,0,NULL,NULL,NULL
805,ME,"CLODRONATO DISÓDICO",17,0,NULL,NULL,NULL
806,ME,CLORAMBUCILO,17,0,NULL,NULL,NULL
807,ME,CRIZOTINIB,17,0,NULL,NULL,NULL
808,ME,"CULTIVO BCG",17,0,NULL,NULL,NULL
809,ME,DACARBAZINA,17,0,NULL,NULL,NULL
810,ME,DACTINOMICINA,17,0,NULL,NULL,NULL
811,ME,DASATINIB,17,0,NULL,NULL,NULL
812,ME,DAUNORUBICINA,17,0,NULL,NULL,NULL
813,ME,DEGARELIX,17,0,NULL,NULL,NULL
814,ME,DENOSUMAB,17,0,NULL,NULL,NULL
815,ME,DEXRAZOXANO,17,0,NULL,NULL,NULL
816,ME,DOCETAXEL,17,0,NULL,NULL,NULL
817,ME,DOXORUBICINA,17,0,NULL,NULL,NULL
818,ME,EPIRUBICINA,17,0,NULL,NULL,NULL
819,ME,ERLOTINIB,17,0,NULL,NULL,NULL
820,ME,ESTRAMUSTINA,17,0,NULL,NULL,NULL
821,ME,ETOPÓSIDO,17,0,NULL,NULL,NULL
822,ME,EVEROLIMUS,17,0,NULL,NULL,NULL
823,ME,EXEMESTANO,17,0,NULL,NULL,NULL
824,ME,FILGRASTIM,17,0,NULL,NULL,NULL
825,ME,FINASTERIDA,17,0,NULL,NULL,NULL
826,ME,FLUDARABINA,17,0,NULL,NULL,NULL
827,ME,FLUOROURACILO,17,0,NULL,NULL,NULL
828,ME,FLUTAMIDA,17,0,NULL,NULL,NULL
829,ME,FOSAPREPITANT,17,0,NULL,NULL,NULL
830,ME,FULVESTRANT,17,0,NULL,NULL,NULL
831,ME,GEFITINIB,17,0,NULL,NULL,NULL
832,ME,GEMCITABINA,17,0,NULL,NULL,NULL
833,ME,GLICOFOSFOPÉPTICAL,17,0,NULL,NULL,NULL
834,ME,GOSERELINA,17,0,NULL,NULL,NULL
835,ME,GRANISETRON,17,0,NULL,NULL,NULL
836,ME,"HIDRALAZINA, VALPROATO DE MAGNESIO",17,0,NULL,NULL,NULL
837,ME,HIDROXICARBAMIDA,17,0,NULL,NULL,NULL
838,ME,IBRUTINIB,17,0,NULL,NULL,NULL
839,ME,IDARUBICINA,17,0,NULL,NULL,NULL
840,ME,IFOSFAMIDA,17,0,NULL,NULL,NULL
841,ME,IMATINIB,17,0,NULL,NULL,NULL
842,ME,IPILIMUMAB,17,0,NULL,NULL,NULL
843,ME,IRINOTECAN,17,0,NULL,NULL,NULL
844,ME,LAPATINIB,17,0,NULL,NULL,NULL
845,ME,L-ASPARAGINASA,17,0,NULL,NULL,NULL
846,ME,LENALIDOMIDA,17,0,NULL,NULL,NULL
847,ME,LETROZOL,17,0,NULL,NULL,NULL
848,ME,LEUPRORELINA,17,0,NULL,NULL,NULL
849,ME,LEVAMISOL,17,0,NULL,NULL,NULL
850,ME,LOMUSTINA,17,0,NULL,NULL,NULL
851,ME,MECLORETAMINA,17,0,NULL,NULL,NULL
852,ME,MEGESTROL,17,0,NULL,NULL,NULL
853,ME,MELFALÁN,17,0,NULL,NULL,NULL
854,ME,MERCAPTOPURINA,17,0,NULL,NULL,NULL
855,ME,MESNA,17,0,NULL,NULL,NULL
856,ME,METENOLONA,17,0,NULL,NULL,NULL
857,ME,METOTREXATO,17,0,NULL,NULL,NULL
858,ME,MIFAMURTIDA,17,0,NULL,NULL,NULL
859,ME,MITOMICINA,17,0,NULL,NULL,NULL
860,ME,MITOXANTRONA,17,0,NULL,NULL,NULL
861,ME,MOLGRAMOSTIM,17,0,NULL,NULL,NULL
862,ME,NILOTINIB,17,0,NULL,NULL,NULL
863,ME,NILUTAMIDA,17,0,NULL,NULL,NULL
864,ME,OBINUTUZUMAB,17,0,NULL,NULL,NULL
865,ME,ONDANSETRÓN,17,0,NULL,NULL,NULL
866,ME,OPRELVEKINA,17,0,NULL,NULL,NULL
867,ME,OXALIPLATINO,17,0,NULL,NULL,NULL
868,ME,PACLITAXEL,17,0,NULL,NULL,NULL
869,ME,PALONOSETRÓN,17,0,NULL,NULL,NULL
870,ME,PANITUMUMAB,17,0,NULL,NULL,NULL
871,ME,PAZOPANIB,17,0,NULL,NULL,NULL
872,ME,PEGFILGRASTIM,17,0,NULL,NULL,NULL
873,ME,PEMETREXED,17,0,NULL,NULL,NULL
874,ME,PERTUZUMAB,17,0,NULL,NULL,NULL
875,ME,PLERIXAFOR,17,0,NULL,NULL,NULL
876,ME,PRALATREXATO,17,0,NULL,NULL,NULL
877,ME,PROCARBAZINA,17,0,NULL,NULL,NULL
878,ME,RALTITREXED,17,0,NULL,NULL,NULL
879,ME,RITUXIMAB,17,0,NULL,NULL,NULL
880,ME,SORAFENIB,17,0,NULL,NULL,NULL
881,ME,SUNITINIB,17,0,NULL,NULL,NULL
882,ME,TAMOXIFENO,17,0,NULL,NULL,NULL
883,ME,TEGAFUR-URACILO,17,0,NULL,NULL,NULL
884,ME,TEMOZOLOMIDA,17,0,NULL,NULL,NULL
885,ME,TERAZOSINA,17,0,NULL,NULL,NULL
886,ME,TIOTEPA,17,0,NULL,NULL,NULL
887,ME,"TIROTROPINA ALFA",17,0,NULL,NULL,NULL
888,ME,TRASTUZUMAB,17,0,NULL,NULL,NULL
889,ME,"TRASTUZUMAB EMTANSINA",17,0,NULL,NULL,NULL
890,ME,TRETINOÍNA,17,0,NULL,NULL,NULL
891,ME,TRIPTORELINA,17,0,NULL,NULL,NULL
892,ME,TROPISETRÓN,17,0,NULL,NULL,NULL
893,ME,VINBLASTINA,17,0,NULL,NULL,NULL
894,ME,VINCRISTINA,17,0,NULL,NULL,NULL
895,ME,VINORELBINA,17,0,NULL,NULL,NULL
896,ME,"CLORFENAMINA COMPUESTA",18,1,NULL,NULL,NULL
897,ME,DIFENIDOL,18,1,NULL,NULL,NULL
898,ME,DIMENHIDRINATO,18,1,NULL,NULL,NULL
899,ME,FENILEFRINA,18,1,NULL,NULL,NULL
900,ME,BUDESONIDA,18,0,NULL,NULL,NULL
901,ME,CINARIZINA,18,0,NULL,NULL,NULL
902,ME,MOMETASONA,18,0,NULL,NULL,NULL
903,ME,"NEOMICINA, POLIMIXINA B, FLUOCINOLONA Y",18,0,NULL,NULL,NULL
904,ME,LIDOCAÍNA,18,0,NULL,NULL,NULL
905,ME,OXIMETAZOLINA,18,0,NULL,NULL,NULL
906,ME,DESOGESTREL,19,1,NULL,NULL,NULL
907,ME,"DESOGESTREL Y ETINILESTRADIOL",19,1,NULL,NULL,NULL
908,ME,ETONOGESTREL,19,1,NULL,NULL,NULL
909,ME,"GESTODENO / ETINILESTRADIOL",19,1,NULL,NULL,NULL
910,ME,LEVONORGESTREL,19,1,NULL,NULL,NULL
911,ME,"LEVONORGESTREL Y ETINILESTRADIOL",19,1,NULL,NULL,NULL
912,ME,"MEDROXIPROGESTERONA Y CIPIONATO DE ESTRADIOL",19,1,NULL,NULL,NULL
913,ME,NORELGESTROMINA-ETINILESTRADIOL,19,1,NULL,NULL,NULL
914,ME,"NORETISTERONA Y ESTRADIOL",19,1,NULL,NULL,NULL
915,ME,"NORETISTERONA Y ETINILESTRADIOL",19,1,NULL,NULL,NULL
916,ME,CETROELIX,19,0,NULL,NULL,NULL
917,ME,"FOLITROPINA BETA",19,0,NULL,NULL,NULL
918,ME,LEVONORGESTREL,19,0,NULL,NULL,NULL
919,ME,LINESTRENOL,19,0,NULL,NULL,NULL
920,ME,NORETISTERONA,19,0,NULL,NULL,NULL
921,ME,PROGESTERONA,19,0,NULL,NULL,NULL
922,ME,ALPRAZOLAM,20,1,NULL,NULL,NULL
923,ME,AMITRIPTILINA,20,1,NULL,NULL,NULL
924,ME,BROMAZEPAM,20,1,NULL,NULL,NULL
925,ME,CITALOPRAM,20,1,NULL,NULL,NULL
926,ME,DIAZEPAM,20,1,NULL,NULL,NULL
927,ME,ESCITALOPRAM,20,1,NULL,NULL,NULL
928,ME,FLUNITRAZEPAM,20,1,NULL,NULL,NULL
929,ME,FLUOXETINA,20,1,NULL,NULL,NULL
930,ME,IMIPRAMINA,20,1,NULL,NULL,NULL
931,ME,LORAZEPAM,20,1,NULL,NULL,NULL
932,ME,PAROXETINA,20,1,NULL,NULL,NULL
933,ME,TRIAZOLAM,20,1,NULL,NULL,NULL
934,ME,"ANFEBUTAMONA O BUPROPIÓN",20,0,NULL,NULL,NULL
935,ME,ARIPIPRAZOL,20,0,NULL,NULL,NULL
936,ME,CLOZAPINA,20,0,NULL,NULL,NULL
937,ME,DULOXETINA,20,0,NULL,NULL,NULL
938,ME,FLUPENTIXOL,20,0,NULL,NULL,NULL
939,ME,HALOPERIDOL,20,0,NULL,NULL,NULL
940,ME,LEVOMEPROMAZINA,20,0,NULL,NULL,NULL
941,ME,LITIO,20,0,NULL,NULL,NULL
942,ME,MIRTAZAPINA,20,0,NULL,NULL,NULL
943,ME,OLANZAPINA,20,0,NULL,NULL,NULL
944,ME,PALIPERIDONA,20,0,NULL,NULL,NULL
945,ME,QUETIAPINA,20,0,NULL,NULL,NULL
946,ME,REBOXETINA,20,0,NULL,NULL,NULL
947,ME,RISPERIDONA,20,0,NULL,NULL,NULL
948,ME,SERTRALINA,20,0,NULL,NULL,NULL
949,ME,TRIFLUOPERAZINA,20,0,NULL,NULL,NULL
950,ME,VENLAFAXINA,20,0,NULL,NULL,NULL
951,ME,ZIPRASIDONA,20,0,NULL,NULL,NULL
952,ME,ZUCLOPENTIXOL,20,0,NULL,NULL,NULL
953,ME,ALOPURINOL,21,1,NULL,NULL,NULL
954,ME,COLCHICINA,21,1,NULL,NULL,NULL
955,ME,DICLOFENACO,21,1,NULL,NULL,NULL
956,ME,KETOPROFENO,21,1,NULL,NULL,NULL
957,ME,MELOXICAM,21,1,NULL,NULL,NULL
958,ME,METOCARBAMOL,21,1,NULL,NULL,NULL
959,ME,NAPROXENO,21,1,NULL,NULL,NULL
960,ME,PIROXICAM,21,1,NULL,NULL,NULL
961,ME,PREDNISONA,21,1,NULL,NULL,NULL
962,ME,SULINDACO,21,1,NULL,NULL,NULL
963,ME,ABATACEPT,21,0,NULL,NULL,NULL
964,ME,ACEMETACINA,21,0,NULL,NULL,NULL
965,ME,ADALIMUMAB,21,0,NULL,NULL,NULL
966,ME,"AUROTIOMALATO SÓDICO",21,0,NULL,NULL,NULL
967,ME,AZATIOPRINA,21,0,NULL,NULL,NULL
968,ME,BETAMETASONA,21,0,NULL,NULL,NULL
969,ME,"BETAMETASONA ACETATO DE Y BETAMETASONA FOSFATO DISÓDICO DE",21,0,NULL,NULL,NULL
970,ME,BELIMUMAB,21,0,NULL,NULL,NULL
971,ME,CELECOXIB,21,0,NULL,NULL,NULL
972,ME,"CERTOLIZUMAB PEGOL",21,0,NULL,NULL,NULL
973,ME,COLÁGENA-POLIVINILPIRROLIDONA,21,0,NULL,NULL,NULL
974,ME,DEXAMETASONA,21,0,NULL,NULL,NULL
975,ME,ETANERCEPT,21,0,NULL,NULL,NULL
976,ME,ETORICOXIB,21,0,NULL,NULL,NULL
977,ME,GOLIMUMAB,21,0,NULL,NULL,NULL
978,ME,"HIALURONATO DE SODIO",21,0,NULL,NULL,NULL
979,ME,INDOMETACINA,21,0,NULL,NULL,NULL
980,ME,INFLIXIMAB,21,0,NULL,NULL,NULL
981,ME,LEFLUNOMIDA,21,0,NULL,NULL,NULL
982,ME,ORFENADRINA,21,0,NULL,NULL,NULL
983,ME,PROBENECID,21,0,NULL,NULL,NULL
984,ME,TOCILIZUMAB,21,0,NULL,NULL,NULL
985,ME,"AGUA INYECTABLE",22,1,NULL,NULL,NULL
986,ME,"CLORURO DE SODIO",22,1,NULL,NULL,NULL
987,ME,"CLORURO DE SODIO Y GLUCOSA",22,1,NULL,NULL,NULL
988,ME,"ELECTROLITOS ORALES",22,1,NULL,NULL,NULL
989,ME,GLUCOSA,22,1,NULL,NULL,NULL
990,ME,"SOLUCIÓN HARTMANN",22,1,NULL,NULL,NULL
991,ME,"AGUA INYECTABLE",22,0,NULL,NULL,NULL
992,ME,ALMIDÓN,22,0,NULL,NULL,NULL
993,ME,"BICARBONATO DE SODIO",22,0,NULL,NULL,NULL
994,ME,"CLORURO DE POTASIO",22,0,NULL,NULL,NULL
995,ME,"CLORURO DE SODIO",22,0,NULL,NULL,NULL
996,ME,"CLORURO DE SODIO Y GLUCOSA",22,0,NULL,NULL,NULL
997,ME,DEXTRÁN,22,0,NULL,NULL,NULL
998,ME,"FOSFATO DE POTASIO",22,0,NULL,NULL,NULL
999,ME,"GLUCONATO DE CALCIO",22,0,NULL,NULL,NULL
1000,ME,GLUCOSA,22,0,NULL,NULL,NULL
1001,ME,"MAGNESIO SULFATO DE",22,0,NULL,NULL,NULL
1002,ME,MANITOL,22,0,NULL,NULL,NULL
1003,ME,POLIGELINA,22,0,NULL,NULL,NULL
1004,ME,"SEROALBÚMINA HUMANA O ALBÚMINA HUMANA",22,0,NULL,NULL,NULL
1005,ME,"SODIO BICARBONATO DE-POTASIO CLORURO DE",22,0,NULL,NULL,NULL
1006,ME,"ANTITOXINA DIFTÉRICA EQUINA",23,1,NULL,NULL,NULL
1007,ME,"ANTITOXINA TETÁNICA EQUINA",23,1,NULL,NULL,NULL
1008,ME,FABOTERÁPICO,23,1,NULL,NULL,NULL
1009,ME,"HEMAGLUTININAS RECOMBINANTES PARA LA CEPA VIRAL DE INFLUENZA H1N1, H3N2 Y B",23,1,NULL,NULL,NULL
1010,ME,"INMUNOGLOBULINA ANTIHEPATITIS B",23,1,NULL,NULL,NULL
1011,ME,"INMUNOGLOBULINA HUMANA ANTIRRÁBICA",23,1,NULL,NULL,NULL
1012,ME,"INMUNOGLOBULINA HUMANA HIPERHINMUNE ANTITETÁNICA",23,1,NULL,NULL,NULL
1013,ME,"INMUNOGLOBULINA HUMANA NORMAL",23,1,NULL,NULL,NULL
1014,ME,"SUERO ANTIALACRÁN",23,1,NULL,NULL,NULL
1015,ME,"SUERO ANTIRRÁBICO EQUINO",23,1,NULL,NULL,NULL
1016,ME,"SUERO ANTIVIPERINO",23,1,NULL,NULL,NULL
1017,ME,"TOXOIDES TETÁNICO Y DIFTÉRICO(Td)",23,1,NULL,NULL,NULL
1018,ME,"VACUNA ACELULAR ANTIPERTUSSIS, CON TOXOIDES DIFTÉRICO Y TETÁNICO ADSORBIDOS, CON VACUNA ANTIPOLIOMIELÍTICA INACTIVADA Y CON VACUNA CONJUGADA DE HAEMOPHILUS INFLUENZAE TIPO B",23,1,NULL,NULL,NULL
1019,ME,"VACUNA ANTIHAEMOPHILUS INFLUENZAE B + DPT",23,1,NULL,NULL,NULL
1020,ME,"VACUNA ANTIINFLUENZA",23,1,NULL,NULL,NULL
1021,ME,"VACUNA ANTINEUMOCÓCCICA",23,1,NULL,NULL,NULL
1022,ME,"VACUNA ANTINEUMOCÓCCICA CONJUGADA CON PROTEÍNA D DE HAEMOPHILUS INFLUENZAE NO TIPIFICABLE (NHTi)",23,1,NULL,NULL,NULL
1023,ME,"VACUNA ANTIPERTUSSIS CON TOXOIDES DIFTÉRICO Y TETÁNICO (DPT)",23,1,NULL,NULL,NULL
1024,ME,"VACUNA ANTIPOLIOMIELÍTICA BIVALENTE ORAL",23,1,NULL,NULL,NULL
1025,ME,"VACUNA ANTIRRÁBICA",23,1,NULL,NULL,NULL
1026,ME,"VACUNA ANTISARAMPIÓN",23,1,NULL,NULL,NULL
1027,ME,"VACUNA ANTITIFOÍDICA INACTIVADA",23,1,NULL,NULL,NULL
1028,ME,"VACUNA B.C.G.",23,1,NULL,NULL,NULL
1029,ME,"VACUNA CONJUGADA ANTIHAEMOPHILUS INFLUENZAE B",23,1,NULL,NULL,NULL
1030,ME,"VACUNA CONTRA EL VIRUS DEL PAPILOMA HUMANO",23,1,NULL,NULL,NULL
1031,ME,"VACUNA CONTRA ROTAVIRUS",23,1,NULL,NULL,NULL
1032,ME,"VACUNA DE REFUERZO CONTRA DIFTERIA, TETANOS Y TOSFERINA ACELULAR (Tdpa)",23,1,NULL,NULL,NULL
1033,ME,"VACUNA RECOMBINANTE CONTRA LA HEPATITIS B",23,1,NULL,NULL,NULL
1034,ME,"VACUNA DOBLE VIRAL (SR) CONTRA SARAMPIÓN Y RUBÉOLA",23,1,NULL,NULL,NULL
1035,ME,"VACUNA PENTAVALENTE CONTRA ROTAVIRUS",23,1,NULL,NULL,NULL
1036,ME,"VACUNA TRIPLE VIRAL (SRP ) CONTRA SARAMPIÓN, RUBÉOLA Y PAROTIDITIS",23,1,NULL,NULL,NULL
1037,ME,"VACUNA PENTAVALENTE CONTRA DIFTERIA, TOSFERINA, TÉTANOS, HEPATITIS B, E INFECCIONES INVASIVAS POR HAEMOPHILUS INFLUENZAE TIPO B (DPT+HB+HIb)",23,1,NULL,NULL,NULL
1038,ME,"VACUNA ANTIPOLIOMIELÍTICA INACTIVADA",23,0,NULL,NULL,NULL
1039,ME,"VACUNA ANTIRRUBÉOLA",23,0,NULL,NULL,NULL
1040,ME,"VACUNA ANTIVARICELA ATENUADA",23,0,NULL,NULL,NULL
1041,ME,"VACUNA ATENUADA CONTRA VARICELA",23,0,NULL,NULL,NULL
1042,ME,"VACUNA CONJUGADA NEUMOCOCICA 13- VALENTE",23,0,NULL,NULL,NULL
1043,ME,"VACUNA CONTRA DIFTERIA, TOS FERINA, TETANOS, HEPATITIS B, POLIOMIELITIS Y HAEMOPHILUS INFLUENZAE TIPO B",23,0,NULL,NULL,NULL
1044,ME,"VACUNA CONTRA LA HEPATITIS A",23,0,NULL,NULL,NULL
1045,MC,BOLSAS,1,1,NULL,NULL,NULL
1046,MC,CINTAS,1,1,NULL,NULL,NULL
1047,MC,TESTIGOS,1,1,NULL,NULL,NULL
1048,MC,ACEITES,2,1,NULL,NULL,NULL
1049,MC,AGUJAS,2,1,NULL,NULL,NULL
1050,MC,ALAMBRES,2,1,NULL,NULL,NULL
1051,MC,"ALEACIONES PARA AMALGAMA DENTAL",2,1,NULL,NULL,NULL
1052,MC,ALGODONES,2,1,NULL,NULL,NULL
1053,MC,ANTISÉPTICOS,2,1,NULL,NULL,NULL
1054,MC,BABEROS,2,1,NULL,NULL,NULL
1055,MC,BARNICES,2,1,NULL,NULL,NULL
1056,MC,CÁPSULAS,2,1,NULL,NULL,NULL
1057,MC,CEMENTOS,2,1,NULL,NULL,NULL
1058,MC,CEPILLOS,2,1,NULL,NULL,NULL
1059,MC,CINTAS,2,1,NULL,NULL,NULL
1060,MC,COLORANTES,2,1,NULL,NULL,NULL
1061,MC,COPAS,2,1,NULL,NULL,NULL
1062,MC,CORONAS,2,1,NULL,NULL,NULL
1063,MC,CUCHARILLAS,2,1,NULL,NULL,NULL
1064,MC,CUÑAS,2,1,NULL,NULL,NULL
1065,MC,DISCOS,2,1,NULL,NULL,NULL
1066,MC,ENSANCHADORES,2,1,NULL,NULL,NULL
1067,MC,EYECTORES,2,1,NULL,NULL,NULL
1068,MC,"FLUORURO DE SODIO",2,1,NULL,NULL,NULL
1069,MC,FORMOCRESOL,2,1,NULL,NULL,NULL
1070,MC,HILOS,2,1,NULL,NULL,NULL
1071,MC,LOSETAS,2,1,NULL,NULL,NULL
1072,MC,MERCURIO,2,1,NULL,NULL,NULL
1073,MC,PAÑOS,2,1,NULL,NULL,NULL
1074,MC,PAPELES,2,1,NULL,NULL,NULL
1075,MC,PASTAS,2,1,NULL,NULL,NULL
1076,MC,"PROTECTOR PULPAR",2,1,NULL,NULL,NULL
1077,MC,RESINAS,2,1,NULL,NULL,NULL
1078,MC,SELLADORES,2,1,NULL,NULL,NULL
1079,MC,SOLUCIONES,2,1,NULL,NULL,NULL
1080,MC,TIRAS,2,1,NULL,NULL,NULL
1081,MC,CEPILLOS,3,1,NULL,NULL,NULL
1082,MC,"REPELENTE CONTRA PIOJOS",4,1,NULL,NULL,NULL
1083,MC,ABATELENGUAS,5,1,NULL,NULL,NULL
1084,MC,ACEITES,5,1,NULL,NULL,NULL
1085,MC,"AEROSOL PARA TRATAMIENTO DE HERIDAS",5,1,NULL,NULL,NULL
1086,MC,"AGUJAS HIPODÉRMICAS",5,1,NULL,NULL,NULL
1087,MC,ALGODONES,5,1,NULL,NULL,NULL
1088,MC,ANTISÉPTICO,5,1,NULL,NULL,NULL
1089,MC,APLICADORES,5,1,NULL,NULL,NULL
1090,MC,APÓSITOS,5,1,NULL,NULL,NULL
1091,MC,BIBERONES,5,1,NULL,NULL,NULL
1092,MC,BOLSAS,5,1,NULL,NULL,NULL
1093,MC,BRAZALETES,5,1,NULL,NULL,NULL
1094,MC,CATÉTERES,5,1,NULL,NULL,NULL
1095,MC,CEPILLOS,5,1,NULL,NULL,NULL
1096,MC,CINTAS,5,1,NULL,NULL,NULL
1097,MC,CONTENEDORES,5,1,NULL,NULL,NULL
1098,MC,CUBREBOCAS,5,1,NULL,NULL,NULL
1099,MC,ESCOBILLONES,5,1,NULL,NULL,NULL
1100,MC,ESPACIADORES,5,1,NULL,NULL,NULL
1101,MC,ESPEJOS,5,1,NULL,NULL,NULL
1102,MC,ESTERILIZANTE,5,1,NULL,NULL,NULL
1103,MC,GASAS,5,1,NULL,NULL,NULL
1104,MC,GOGLES,5,1,NULL,NULL,NULL
1105,MC,GORROS,5,1,NULL,NULL,NULL
1106,MC,GUANTES,5,1,NULL,NULL,NULL
1107,MC,GUATAS,5,1,NULL,NULL,NULL
1108,MC,JABONES,5,1,NULL,NULL,NULL
1109,MC,JALEAS,5,1,NULL,NULL,NULL
1110,MC,JERINGAS,5,1,NULL,NULL,NULL
1111,MC,LUBRICANTES,5,1,NULL,NULL,NULL
1112,MC,PAÑALES,5,1,NULL,NULL,NULL
1113,MC,PERILLAS,5,1,NULL,NULL,NULL
1114,MC,POPOTES,5,1,NULL,NULL,NULL
1115,MC,PROTECTORES,5,1,NULL,NULL,NULL
1116,MC,RASTRILLOS,5,1,NULL,NULL,NULL
1117,MC,"SOLUCIÓN TIXOTRÓPICA",5,1,NULL,NULL,NULL
1118,MC,SOLVENTES,5,1,NULL,NULL,NULL
1119,MC,SONDAS,5,1,NULL,NULL,NULL
1120,MC,TALCO,5,1,NULL,NULL,NULL
1121,MC,TAPONES,5,1,NULL,NULL,NULL
1122,MC,"TELAS ADHESIVAS",5,1,NULL,NULL,NULL
1123,MC,TERMÓMETROS,5,1,NULL,NULL,NULL
1124,MC,TIRALECHES,5,1,NULL,NULL,NULL
1125,MC,TOALLAS,5,1,NULL,NULL,NULL
1126,MC,TUBOS,5,1,NULL,NULL,NULL
1127,MC,VASELINAS,5,1,NULL,NULL,NULL
1128,MC,VENDAS,5,1,NULL,NULL,NULL
1129,MC,JERINGAS,6,1,NULL,NULL,NULL
1130,MC,"LUBRICANTE OCULAR",7,1,NULL,NULL,NULL
1131,MC,"CONDÓN FEMENINO",8,1,NULL,NULL,NULL
1132,MC,"CONDÓN MASCULINO",8,1,NULL,NULL,NULL
1133,MC,DISPOSITIVOS,8,1,NULL,NULL,NULL
1134,MC,GEL,8,1,NULL,NULL,NULL
1135,MC,AGUJAS,9,0,NULL,NULL,NULL
1136,MC,CATÉTERES,9,0,NULL,NULL,NULL
1137,MC,EQUIPOS,9,0,NULL,NULL,NULL
1138,MC,FILTROS,9,0,NULL,NULL,NULL
1139,MC,TUBOS,9,0,NULL,NULL,NULL
1140,MC,"CATÉTER PARA INSEMINACIÓN INTRAUTERINA DE POLIPROPILENO",10,0,NULL,NULL,NULL
1141,MC,AGUJAS,11,0,NULL,NULL,NULL
1142,MC,CATÉTERES,11,0,NULL,NULL,NULL
1143,MC,CONECTORES,11,0,NULL,NULL,NULL
1144,MC,CUERDAS,11,0,NULL,NULL,NULL
1145,MC,DILATADORES,11,0,NULL,NULL,NULL
1146,MC,ELONGADOR,11,0,NULL,NULL,NULL
1147,MC,EQUIPOS,11,0,NULL,NULL,NULL
1148,MC,ESPIRALES,11,0,NULL,NULL,NULL
1149,MC,ESTILETES,11,0,NULL,NULL,NULL
1150,MC,JERINGAS,11,0,NULL,NULL,NULL
1151,MC,OCLUSORES,11,0,NULL,NULL,NULL
1152,MC,REGLA,11,0,NULL,NULL,NULL
1153,MC,SISTEMAS,11,0,NULL,NULL,NULL
1154,MC,VAINAS,11,0,NULL,NULL,NULL
1155,MC,AGUJAS,12,0,NULL,NULL,NULL
1156,MC,CALIBRADOR,12,0,NULL,NULL,NULL
1157,MC,CÁNULAS,12,0,NULL,NULL,NULL
1158,MC,CATÉTERES,12,0,NULL,NULL,NULL
1159,MC,CONECTORES,12,0,NULL,NULL,NULL
1160,MC,CUERDAS,12,0,NULL,NULL,NULL
1161,MC,EQUIPOS,12,0,NULL,NULL,NULL
1162,MC,EXTENSIONES,12,0,NULL,NULL,NULL
1163,MC,GUÍAS,12,0,NULL,NULL,NULL
1164,MC,INTRODUCTORES,12,0,NULL,NULL,NULL
1165,MC,JERINGAS,12,0,NULL,NULL,NULL
1166,MC,MANIFOLD,12,0,NULL,NULL,NULL
1167,MC,SISTEMAS,12,0,NULL,NULL,NULL
1168,MC,TRANSDUCTOR,12,0,NULL,NULL,NULL
1169,MC,VÁLVULAS,12,0,NULL,NULL,NULL
1170,MC,CATÉTERES,13,0,NULL,NULL,NULL
1171,MC,DILATADORES,13,0,NULL,NULL,NULL
1172,MC,INTRODUCTORES,13,0,NULL,NULL,NULL
1173,MC,PIVOTE,13,0,NULL,NULL,NULL
1174,MC,BOLSAS,14,0,NULL,NULL,NULL
1175,MC,CINTAS,14,0,NULL,NULL,NULL
1176,MC,"DETERGENTES O LIMPIADORES",14,0,NULL,NULL,NULL
1177,MC,GOMA,14,0,NULL,NULL,NULL
1178,MC,PAPELES,14,0,NULL,NULL,NULL
1179,MC,POLIETILENO,14,0,NULL,NULL,NULL
1180,MC,BALONES,15,0,NULL,NULL,NULL
1181,MC,CÁNULAS,15,0,NULL,NULL,NULL
1182,MC,CATÉTERES,15,0,NULL,NULL,NULL
1183,MC,"DESFIBRILADOR CARDIOVERSOR ",15,0,NULL,NULL,NULL
1184,MC,EQUIPOS,15,0,NULL,NULL,NULL
1185,MC,INJERTOS,15,0,NULL,NULL,NULL
1186,MC,MEDIDORES,15,0,NULL,NULL,NULL
1187,MC,"SISTEMA DE ENDOPRÓTESIS PARA TRATAMIENTO DE ANEURISMAS",15,0,NULL,NULL,NULL
1188,MC,SONDAS,15,0,NULL,NULL,NULL
1189,MC,"SOPORTES ",15,0,NULL,NULL,NULL
1190,MC,AGUJAS,16,0,NULL,NULL,NULL
1191,MC,"BARRERA ABSORBIBLE ",16,0,NULL,NULL,NULL
1192,MC,"CÁNULAS ",16,0,NULL,NULL,NULL
1193,MC,"CATÉTERES ",16,0,NULL,NULL,NULL
1194,MC,CLIPS,16,0,NULL,NULL,NULL
1195,MC,"CONECTORES ",16,0,NULL,NULL,NULL
1196,MC,"EQUIPOS ",16,0,NULL,NULL,NULL
1197,MC,"ESFINTEROTOMOS ",16,0,NULL,NULL,NULL
1198,MC,GRAPAS,16,0,NULL,NULL,NULL
1199,MC,GUÍAS,16,0,NULL,NULL,NULL
1200,MC,"PRÓTESIS ",16,0,NULL,NULL,NULL
1201,MC,"SOLUCIONES ",16,0,NULL,NULL,NULL
1202,MC,SONDAS,16,0,NULL,NULL,NULL
1203,MC,"ALAMBRES ",17,0,NULL,NULL,NULL
1204,MC,ARCOS,17,0,NULL,NULL,NULL
1205,MC,BANDAS,17,0,NULL,NULL,NULL
1206,MC,BARRAS,17,0,NULL,NULL,NULL
1207,MC,"BOTONES ",17,0,NULL,NULL,NULL
1208,MC,"COJINES ",17,0,NULL,NULL,NULL
1209,MC,"ELÁSTICOS ",17,0,NULL,NULL,NULL
1210,MC,"FÉRULAS ",17,0,NULL,NULL,NULL
1211,MC,"GANCHOS ",17,0,NULL,NULL,NULL
1212,MC,GORROS,17,0,NULL,NULL,NULL
1213,MC,LIGAS,17,0,NULL,NULL,NULL
1214,MC,"MANDRIL ",17,0,NULL,NULL,NULL
1215,MC,"MÁSCARA ",17,0,NULL,NULL,NULL
1216,MC,POSTE,17,0,NULL,NULL,NULL
1217,MC,REGLA,17,0,NULL,NULL,NULL
1218,MC,"RESINAS ",17,0,NULL,NULL,NULL
1219,MC,"RETENEDORES ",17,0,NULL,NULL,NULL
1220,MC,"SEPARADOR ",17,0,NULL,NULL,NULL
1221,MC,TOPES,17,0,NULL,NULL,NULL
1222,MC,"TORNILLOS ",17,0,NULL,NULL,NULL
1223,MC,TUBOS,17,0,NULL,NULL,NULL
1224,MC,"EXPANSORES DE PIEL ",18,0,NULL,NULL,NULL
1225,MC,INJERTOS,18,0,NULL,NULL,NULL
1226,MC,"SUSTITUTO DE PIEL ",18,0,NULL,NULL,NULL
1227,MC,"PLANTILLA ",18,0,NULL,NULL,NULL
1228,MC,ACEITES,19,0,NULL,NULL,NULL
1229,MC,"BRACKETS (Soportes) ",19,0,NULL,NULL,NULL
1230,MC,CEMENTOS,19,0,NULL,NULL,NULL
1231,MC,CERAS,19,0,NULL,NULL,NULL
1232,MC,"FORMAS DE ACERO ",19,0,NULL,NULL,NULL
1233,MC,FRESONES,19,0,NULL,NULL,NULL
1234,MC,GANCHOS,19,0,NULL,NULL,NULL
1235,MC,LIGAS,19,0,NULL,NULL,NULL
1236,MC,"MATERIAL PARA IMPRESIÓN Y ACCESORIOS",19,0,NULL,NULL,NULL
1237,MC,MENTONERAS,19,0,NULL,NULL,NULL
1238,MC,MÓDULOS,19,0,NULL,NULL,NULL
1239,MC,POLVOS,19,0,NULL,NULL,NULL
1240,MC,PRUEBA,19,0,NULL,NULL,NULL
1241,MC,"PUNTAS ABSORBENTES ",19,0,NULL,NULL,NULL
1242,MC,"PUNTAS DE GUTAPERCHA ",19,0,NULL,NULL,NULL
1243,MC,RESORTES,19,0,NULL,NULL,NULL
1244,MC,CATÉTERES,20,0,NULL,NULL,NULL
1245,MC,CONECTORES,20,0,NULL,NULL,NULL
1246,MC,ADAPTADORES,21,0,NULL,NULL,NULL
1247,MC,CÁNULAS,21,0,NULL,NULL,NULL
1248,MC,EQUIPOS,21,0,NULL,NULL,NULL
1249,MC,ESPÁTULA,21,0,NULL,NULL,NULL
1250,MC,JERINGAS,21,0,NULL,NULL,NULL
1251,MC,MALLAS,21,0,NULL,NULL,NULL
1252,MC,PEZONERAS,21,0,NULL,NULL,NULL
1253,MC,ADHESIVOS,22,0,NULL,NULL,NULL
1254,MC,AGUJAS,22,0,NULL,NULL,NULL
1255,MC,"ALMOHADILLAS IMPREGNADA CON SOLUCIÓN ANTISÉPTICA",22,0,NULL,NULL,NULL
1256,MC,"ANTISÉPTICOS ",22,0,NULL,NULL,NULL
1257,MC,"ANTISÉPTICOS Y GERMICIDAS",22,0,NULL,NULL,NULL
1258,MC,APLICADORES,22,0,NULL,NULL,NULL
1259,MC,APÓSITOS,22,0,NULL,NULL,NULL
1260,MC,"BANDA GASTRICA ",22,0,NULL,NULL,NULL
1261,MC,"BAÑO DE ESPONJA ",22,0,NULL,NULL,NULL
1262,MC,"BATAS QUIRÚRGICAS ",22,0,NULL,NULL,NULL
1263,MC,BOLSAS,22,0,NULL,NULL,NULL
1264,MC,BOTAS,22,0,NULL,NULL,NULL
1265,MC,CÁNULAS,22,0,NULL,NULL,NULL
1266,MC,CATÉTERES,22,0,NULL,NULL,NULL
1267,MC,CINTAS,22,0,NULL,NULL,NULL
1268,MC,CIRCUITOS,22,0,NULL,NULL,NULL
1269,MC,CONECTORES,22,0,NULL,NULL,NULL
1270,MC,"CUBREBOCAS QUIRÚRGICO ",22,0,NULL,NULL,NULL
1271,MC,CUERDAS,22,0,NULL,NULL,NULL
1272,MC,"DESINFECTANTES ",22,0,NULL,NULL,NULL
1273,MC,"DETERGENTES O LIMPIADORES",22,0,NULL,NULL,NULL
1274,MC,(continúa),22,0,NULL,NULL,NULL
1275,MC,DISCOS,22,0,NULL,NULL,NULL
1276,MC,"EQUIPO PARA VENOCLISIS CON REGULADOR DE INFUSION",22,0,NULL,NULL,NULL
1277,MC,EQUIPOS,22,0,NULL,NULL,NULL
1278,MC,"ESCAFANDRAS ",22,0,NULL,NULL,NULL
1279,MC,"ESPACIADORES DE VOLUMEN",22,0,NULL,NULL,NULL
1280,MC,"ESTIMULADORES ",22,0,NULL,NULL,NULL
1281,MC,FILTROS,22,0,NULL,NULL,NULL
1282,MC,"FLUJÓMETROS ",22,0,NULL,NULL,NULL
1283,MC,FRASCOS,22,0,NULL,NULL,NULL
1284,MC,GASAS,22,0,NULL,NULL,NULL
1285,MC,GEL,22,0,NULL,NULL,NULL
1286,MC,GORROS,22,0,NULL,NULL,NULL
1287,MC,GUANTES,22,0,NULL,NULL,NULL
1288,MC,"HEMOSTÁTICOS ",22,0,NULL,NULL,NULL
1289,MC,"HEMOSTÁTICO ABSORBIBLE",22,0,NULL,NULL,NULL
1290,MC,HIDROGEL,22,0,NULL,NULL,NULL
1291,MC,INFUSOR,22,0,NULL,NULL,NULL
1292,MC,INYECTOR,22,0,NULL,NULL,NULL
1293,MC,"IMPLANTE DE COPOLÍMERO DE POLIACRILATO POLIALCOHOL",22,0,NULL,NULL,NULL
1294,MC,"JERINGAS ",22,0,NULL,NULL,NULL
1295,MC,"LLAVES ",22,0,NULL,NULL,NULL
1296,MC,"MANÓMETROS ",22,0,NULL,NULL,NULL
1297,MC,"MASCARILLAS ",22,0,NULL,NULL,NULL
1298,MC,"MATRIZ HEMOSTÁTICA",22,0,NULL,NULL,NULL
1299,MC,"MEDIAS ANTIEMBÓLICAS ",22,0,NULL,NULL,NULL
1300,MC,PASTA,22,0,NULL,NULL,NULL
1301,MC,"PASTA O GEL",22,0,NULL,NULL,NULL
1302,MC,POLVOS,22,0,NULL,NULL,NULL
1303,MC,"PROTECTOR RESPIRATORIO",22,0,NULL,NULL,NULL
1304,MC,PUENTES,22,0,NULL,NULL,NULL
1305,MC,SISTEMAS,22,0,NULL,NULL,NULL
1306,MC,"SISTEMA DE INFUSIÓN PORTÁTIL",22,0,NULL,NULL,NULL
1307,MC,SONDAS,22,0,NULL,NULL,NULL
1308,MC,SUJETADORES,22,0,NULL,NULL,NULL
1309,MC,TAPAS,22,0,NULL,NULL,NULL
1310,MC,"TAPONES ",22,0,NULL,NULL,NULL
1311,MC,TUBOS,22,0,NULL,NULL,NULL
1312,MC,VASOS,22,0,NULL,NULL,NULL
1313,MC,VENDAS,22,0,NULL,NULL,NULL
1314,MC,ADAPTADORES,23,0,NULL,NULL,NULL
1315,MC,BOLSAS,23,0,NULL,NULL,NULL
1316,MC,"CÁNULAS ",23,0,NULL,NULL,NULL
1317,MC,"CATÉTERES ",23,0,NULL,NULL,NULL
1318,MC,"CONECTORES ",23,0,NULL,NULL,NULL
1319,MC,"EQUIPOS ",23,0,NULL,NULL,NULL
1320,MC,GUÍAS,23,0,NULL,NULL,NULL
1321,MC,"INJERTOS ",23,0,NULL,NULL,NULL
1322,MC,PINZAS,23,0,NULL,NULL,NULL
1323,MC,"TAPONES ",23,0,NULL,NULL,NULL
1324,MC,"SOLUCION DE LAVADO Y PRESERVACION DE ORGANOS",23,0,NULL,NULL,NULL
1325,MC,"CATÉTERES ",24,0,NULL,NULL,NULL
1326,MC,"CONECTORES ",24,0,NULL,NULL,NULL
1327,MC,EQUIPOS,24,0,NULL,NULL,NULL
1328,MC,"ESPONJAS ",24,0,NULL,NULL,NULL
1329,MC,GRAPAS,24,0,NULL,NULL,NULL
1330,MC,GUÍAS,24,0,NULL,NULL,NULL
1331,MC,"IMPLANTES ",24,0,NULL,NULL,NULL
1332,MC,"MANÓMETROS ",24,0,NULL,NULL,NULL
1333,MC,"RESERVORIOS ",24,0,NULL,NULL,NULL
1334,MC,SISTEMA,24,0,NULL,NULL,NULL
1335,MC,ACEITES,25,0,NULL,NULL,NULL
1336,MC,AGUJAS,25,0,NULL,NULL,NULL
1337,MC,"COJINETES ",25,0,NULL,NULL,NULL
1338,MC,EQUIPOS,25,0,NULL,NULL,NULL
1339,MC,"ESPONJAS ",25,0,NULL,NULL,NULL
1340,MC,"IMPLANTES ",25,0,NULL,NULL,NULL
1341,MC,"LÍQUIDOS ",25,0,NULL,NULL,NULL
1342,MC,"PRUEBAS PARA ENDOFOTO-COAGULACIÓN",25,0,NULL,NULL,NULL
1343,MC,SOLUCIONES,25,0,NULL,NULL,NULL
1344,MC,TIRAS,25,0,NULL,NULL,NULL
1345,MC,TUBOS,25,0,NULL,NULL,NULL
1346,MC,VÁLVULAS,25,0,NULL,NULL,NULL
1347,MC,ESTIMULADORES,26,0,NULL,NULL,NULL
1348,MC,SONDAS,26,0,NULL,NULL,NULL
1349,MC,ADHESIVOS,27,0,NULL,NULL,NULL
1350,MC,AGUJAS,27,0,NULL,NULL,NULL
1351,MC,CAMPANAS,27,0,NULL,NULL,NULL
1352,MC,"CAMPOS QUIRÚRGICOS ",27,0,NULL,NULL,NULL
1353,MC,CÁNULAS,27,0,NULL,NULL,NULL
1354,MC,COMPRESAS,27,0,NULL,NULL,NULL
1355,MC,EQUIPOS,27,0,NULL,NULL,NULL
1356,MC,ESCAFANDRAS,27,0,NULL,NULL,NULL
1357,MC,GASAS,27,0,NULL,NULL,NULL
1358,MC,MALLAS,27,0,NULL,NULL,NULL
1359,MC,PARCHES,27,0,NULL,NULL,NULL
1360,MC,"ROPA QUIRÚRGICA",27,0,NULL,NULL,NULL
1361,MC,SAFENOTOMOS,27,0,NULL,NULL,NULL
1362,MC,SUTURAS,27,0,NULL,NULL,NULL
1363,MC,TUNELIZADORES,27,0,NULL,NULL,NULL
1364,MC,VENDAS,27,0,NULL,NULL,NULL
1365,MC,AGUJAS,28,0,NULL,NULL,NULL
1366,MC,CÁNULAS,28,0,NULL,NULL,NULL
1367,MC,CATÉTERES,28,0,NULL,NULL,NULL
1368,MC,CUERDAS,28,0,NULL,NULL,NULL
1369,MC,CLIPS,28,0,NULL,NULL,NULL
1370,MC,EQUIPOS,28,0,NULL,NULL,NULL
1371,MC,ESPIRALES,28,0,NULL,NULL,NULL
1372,MC,JERINGAS,28,0,NULL,NULL,NULL
1373,MC,PRÓTESIS,28,0,NULL,NULL,NULL
1374,MC,CERAS,29,0,NULL,NULL,NULL
1375,MC,"COLLARINES TIPO: FILADELFIA",29,0,NULL,NULL,NULL
1376,MC,"COLLARINES TIPO: THOMAS ",29,0,NULL,NULL,NULL
1377,MC,EQUIPOS,29,0,NULL,NULL,NULL
1378,MC,FÉRULAS,29,0,NULL,NULL,NULL
1379,MC,GUATAS,29,0,NULL,NULL,NULL
1380,MC,"SOLUCION INTRA-ARTICULAR ",29,0,NULL,NULL,NULL
1381,MC,"HIALURONATO DE SODIO",29,0,NULL,NULL,NULL
1382,MC,TACONES,29,0,NULL,NULL,NULL
1383,MC,VENDAS,29,0,NULL,NULL,NULL
1384,MC,ADAPTADORES,30,0,NULL,NULL,NULL
1385,MC,CATÉTERES,30,0,NULL,NULL,NULL
1386,MC,DILATADORES,30,0,NULL,NULL,NULL
1387,MC,EQUIPOS,30,0,NULL,NULL,NULL
1388,MC,ESPIRALES,30,0,NULL,NULL,NULL
1389,MC,EVACUADORES,30,0,NULL,NULL,NULL
1390,MC,GUÍAS,30,0,NULL,NULL,NULL
1391,MC,MANÓMETROS,30,0,NULL,NULL,NULL
1392,MC,SOLUCIONES,30,0,NULL,NULL,NULL
1393,MC,SONDAS,30,0,NULL,NULL,NULL
1394,MC,SONOTRODOS,30,0,NULL,NULL,NULL
1395,MC,BANDAS,31,0,NULL,NULL,NULL
1396,MC,CINTAS,31,0,NULL,NULL,NULL
1397,MC,COJINETES,31,0,NULL,NULL,NULL
1398,MC,PARAFINAS,31,0,NULL,NULL,NULL
1399,AD,"CONTROLES Y ESTÁNDARES",1,1,NULL,NULL,NULL
1400,AD,"DISCOS CON ANTIMICROBIANOS",1,1,NULL,NULL,NULL
1401,AD,LAMINILLAS,1,1,NULL,NULL,NULL
1402,AD,"MEDIOS DE CULTIVO, AGAR",1,1,NULL,NULL,NULL
1403,AD,"MEDIOS DE CULTIVO, CALDOS",1,1,NULL,NULL,NULL
1404,AD,"MEDIOS DE CULTIVO, MEDIOS ESPECIALES ",1,1,NULL,NULL,NULL
1405,AD,"MEDIOS DE CULTIVO, SUPLEMENTOS",1,1,NULL,NULL,NULL
1406,AD,"PRUEBAS RÁPIDAS",1,1,NULL,NULL,NULL
1407,AD,"REACTIVOS QUÍMICOS",1,1,NULL,NULL,NULL
1408,AD,"REACTIVOS Y JUEGOS DE REACTIVOS PARA PRUEBAS ESPECÍFICAS",1,1,NULL,NULL,NULL
1409,AD,"SOLUCIONES AMORTIGUADORAS",1,1,NULL,NULL,NULL
1410,AD,"SOLUCIONES GLUCOSADAS",1,1,NULL,NULL,NULL
1411,AD,"SUSTANCIAS BIOLÓGICAS",1,1,NULL,NULL,NULL
1412,AD,"TABLETAS REACTIVAS",1,1,NULL,NULL,NULL
1413,AD,"TIRAS REACTIVAS",1,1,NULL,NULL,NULL
1414,AD,"MEDIOS DE CONTRASTE",2,1,NULL,NULL,NULL
1415,AD,PELÍCULAS,2,1,NULL,NULL,NULL
1416,AD,"SOLUCIONES PARA REVELADO Y FIJADO",2,1,NULL,NULL,NULL
1417,AD,AGITADORES,3,1,NULL,NULL,NULL
1418,AD,ANALIZADORES,3,1,NULL,NULL,NULL
1419,AD,BAÑOS,3,1,NULL,NULL,NULL
1420,AD,CENTRÍFUGAS,3,1,NULL,NULL,NULL
1421,AD,CONTADORES,3,1,NULL,NULL,NULL
1422,AD,CRONÓMETRO,3,1,NULL,NULL,NULL
1423,AD,ESTERILIZADORES,3,1,NULL,NULL,NULL
1424,AD,ESTUFA,3,1,NULL,NULL,NULL
1425,AD,GRAFICADOR,3,1,NULL,NULL,NULL
1426,AD,HORNOS,3,1,NULL,NULL,NULL
1427,AD,LAVADORAS,3,1,NULL,NULL,NULL
1428,AD,MICROSCOPIOS,3,1,NULL,NULL,NULL
1429,AD,REFRACTÓMETROS,3,1,NULL,NULL,NULL
1430,AD,REFRIGERADORES,3,1,NULL,NULL,NULL
1431,AD,ABRAZADERAS,4,1,NULL,NULL,NULL
1432,AD,"BULBOS DE GOMA",4,1,NULL,NULL,NULL
1433,AD,BURETAS,4,1,NULL,NULL,NULL
1434,AD,CANASTILLAS,4,1,NULL,NULL,NULL
1435,AD,DENSÍMETROS,4,1,NULL,NULL,NULL
1436,AD,GRADILLAS,4,1,NULL,NULL,NULL
1437,AD,"MEDIDORES DE LÍQUIDOS",4,1,NULL,NULL,NULL
1438,AD,MECHEROS,4,1,NULL,NULL,NULL
1439,AD,"PERFORADORES DE TAPONES",4,1,NULL,NULL,NULL
1440,AD,PINZAS,4,1,NULL,NULL,NULL
1441,AD,"PIPETAS AUTOMÁTICAS",4,1,NULL,NULL,NULL
1442,AD,PARRILLAS,4,1,NULL,NULL,NULL
1443,AD,SOPORTE,4,1,NULL,NULL,NULL
1444,AD,TERMÓMETROS,4,1,NULL,NULL,NULL
1445,AD,TRIPIES,4,1,NULL,NULL,NULL
1446,AD,ADAPTADORES,5,1,NULL,NULL,NULL
1447,AD,AGUJAS,5,1,NULL,NULL,NULL
1448,AD,ANILLOS,5,1,NULL,NULL,NULL
1449,AD,ASAS,5,1,NULL,NULL,NULL
1450,AD,CAJAS,5,1,NULL,NULL,NULL
1451,AD,CÁMARAS,5,1,NULL,NULL,NULL
1452,AD,CÁPSULAS,5,1,NULL,NULL,NULL
1453,AD,CELDILLAS,5,1,NULL,NULL,NULL
1454,AD,CONTENEDORES,5,1,NULL,NULL,NULL
1455,AD,COPAS,5,1,NULL,NULL,NULL
1456,AD,CUBREHEMATÍMETROS,5,1,NULL,NULL,NULL
1457,AD,CUBREOBJETOS,5,1,NULL,NULL,NULL
1458,AD,DESECADORES,5,1,NULL,NULL,NULL
1459,AD,DETERGENTES,5,1,NULL,NULL,NULL
1460,AD,"DISPOSITIVO DE PUNCIÓN",5,1,NULL,NULL,NULL
1461,AD,EMBUDOS,5,1,NULL,NULL,NULL
1462,AD,ESCOBILLONES,5,1,NULL,NULL,NULL
1463,AD,ESPÁTULAS,5,1,NULL,NULL,NULL
1464,AD,FRASCOS,5,1,NULL,NULL,NULL
1465,AD,HISOPOS,5,1,NULL,NULL,NULL
1466,AD,LANCETAS,5,1,NULL,NULL,NULL
1467,AD,"LÁPICES MARCADORES",5,1,NULL,NULL,NULL
1468,AD,"MALLAS DE ALAMBRE",5,1,NULL,NULL,NULL
1469,AD,MASCARILLA,5,1,NULL,NULL,NULL
1470,AD,MATRACES,5,1,NULL,NULL,NULL
1471,AD,MORTEROS,5,1,NULL,NULL,NULL
1472,AD,PAPELES,5,1,NULL,NULL,NULL
1473,AD,PERLAS,5,1,NULL,NULL,NULL
1474,AD,PIPETAS,5,1,NULL,NULL,NULL
1475,AD,PLACAS,5,1,NULL,NULL,NULL
1476,AD,POMADERAS,5,1,NULL,NULL,NULL
1477,AD,PORTAOBJETOS,5,1,NULL,NULL,NULL
1478,AD,PROBETAS,5,1,NULL,NULL,NULL
1479,AD,PUNTAS,5,1,NULL,NULL,NULL
1480,AD,TAPONES,5,1,NULL,NULL,NULL
1481,AD,TUBOS,5,1,NULL,NULL,NULL
1482,AD,"TUBOS DE HULE",5,1,NULL,NULL,NULL
1483,AD,VARILLAS,5,1,NULL,NULL,NULL
1484,AD,VASOS,5,1,NULL,NULL,NULL
1485,AD,"REACTIVOS QUÍMICOS",6,0,NULL,NULL,NULL
1486,AD,"SOLUCIONES AMORTIGUADORAS",6,0,NULL,NULL,NULL
1487,AD,"SUSTANCIAS BIOLÓGICAS",6,0,NULL,NULL,NULL
1488,AD,AFILADORES,6,0,NULL,NULL,NULL
1489,AD,BALANZAS,6,0,NULL,NULL,NULL
1490,AD,BAÑOS,6,0,NULL,NULL,NULL
1491,AD,BOMBAS,6,0,NULL,NULL,NULL
1492,AD,DESCALCIFICADORES,6,0,NULL,NULL,NULL
1493,AD,DISPENSADORES,6,0,NULL,NULL,NULL
1494,AD,EQUIPOS,6,0,NULL,NULL,NULL
1495,AD,"FOTOGRAFÍA EQUIPOS PARA",6,0,NULL,NULL,NULL
1496,AD,GRABADORAS,6,0,NULL,NULL,NULL
1497,AD,HORNOS,6,0,NULL,NULL,NULL
1498,AD,MESAS,6,0,NULL,NULL,NULL
1499,AD,MICROSCOPIOS,6,0,NULL,NULL,NULL
1500,AD,MICROTOMOS,6,0,NULL,NULL,NULL
1501,AD,"PLACAS CALEFACTORAS",6,0,NULL,NULL,NULL
1502,AD,PROCESADORES,6,0,NULL,NULL,NULL
1503,AD,PROYECTORES,6,0,NULL,NULL,NULL
1504,AD,REBANADORAS,6,0,NULL,NULL,NULL
1505,AD,REFRIGERADORES,6,0,NULL,NULL,NULL
1506,AD,SIERRAS,6,0,NULL,NULL,NULL
1507,AD,SURTIDORES,6,0,NULL,NULL,NULL
1508,AD,UNIDADES,6,0,NULL,NULL,NULL
1509,AD,VIDEOMICROSCOPIO,6,0,NULL,NULL,NULL
1510,AD,CINCELES,6,0,NULL,NULL,NULL
1511,AD,COSTOTOMOS,6,0,NULL,NULL,NULL
1512,AD,CUBETAS,6,0,NULL,NULL,NULL
1513,AD,CUCHILLAS,6,0,NULL,NULL,NULL
1514,AD,CUCHILLOS,6,0,NULL,NULL,NULL
1515,AD,ESTILETES,6,0,NULL,NULL,NULL
1516,AD,JARRAS,6,0,NULL,NULL,NULL
1517,AD,MARTILLOS,6,0,NULL,NULL,NULL
1518,AD,PINZAS,6,0,NULL,NULL,NULL
1519,AD,ABRASIVOS,6,0,NULL,NULL,NULL
1520,AD,AGUJAS,6,0,NULL,NULL,NULL
1521,AD,ARCHIVEROS,6,0,NULL,NULL,NULL
1522,AD,BANDEJAS,6,0,NULL,NULL,NULL
1523,AD,CAJAS,6,0,NULL,NULL,NULL
1524,AD,CANASTILLAS,6,0,NULL,NULL,NULL
1525,AD,CÁPSULAS,6,0,NULL,NULL,NULL
1526,AD,ESPÁTULAS,6,0,NULL,NULL,NULL
1527,AD,"ESTUCHES O JUEGOS PARA TINCIÓN",6,0,NULL,NULL,NULL
1528,AD,FIJADOR,6,0,NULL,NULL,NULL
1529,AD,FRASCOS,6,0,NULL,NULL,NULL
1530,AD,MOLDES,6,0,NULL,NULL,NULL
1531,AD,POLVOS,6,0,NULL,NULL,NULL
1532,AD,REGLAS,6,0,NULL,NULL,NULL
1533,AD,SONDAS,6,0,NULL,NULL,NULL
1534,AD,VASOS,6,0,NULL,NULL,NULL
1535,AD,"VIDRIOS DE RELOJ",6,0,NULL,NULL,NULL
1536,AD,"CONTROLES Y ESTÁNDARES",7,0,NULL,NULL,NULL
1537,AD,"REACTIVOS QUÍMICOS",7,0,NULL,NULL,NULL
1538,AD,"REACTIVOS Y JUEGOS DE REACTIVOS PARA PRUEBAS ESPECÍFICAS",7,0,NULL,NULL,NULL
1539,AD,"SUEROS PARA TIPIFICAR LA SANGRE, MEDIOS PROTEICOS, ENZIMAS Y ANTIGENOS",7,0,NULL,NULL,NULL
1540,AD,"SUSTANCIAS BIOLÓGICAS",7,0,NULL,NULL,NULL
1541,AD,AGITADORES,7,0,NULL,NULL,NULL
1542,AD,AGREGÓMETROS,7,0,NULL,NULL,NULL
1543,AD,ANALIZADORES,7,0,NULL,NULL,NULL
1544,AD,BAÑOS,7,0,NULL,NULL,NULL
1545,AD,CENTRÍFUGAS,7,0,NULL,NULL,NULL
1546,AD,CITÓMETROS,7,0,NULL,NULL,NULL
1547,AD,CONECTORES,7,0,NULL,NULL,NULL
1548,AD,CONGELADORES,7,0,NULL,NULL,NULL
1549,AD,"EQUIPO PARA ELABORAR CONCENTRADOS DE FACTOR Vlll Y CONCENTRADOS DE PLAQUETAS",7,0,NULL,NULL,NULL
1550,AD,EXTRACTORES,7,0,NULL,NULL,NULL
1551,AD,"IRRADIADOR DE CÉLULAS",7,0,NULL,NULL,NULL
1552,AD,LIOFILIZADORES,7,0,NULL,NULL,NULL
1553,AD,RECOLECTOR,7,0,NULL,NULL,NULL
1554,AD,REFRIGERADORES,7,0,NULL,NULL,NULL
1555,AD,SELLADOR,7,0,NULL,NULL,NULL
1556,AD,UNIDADES,7,0,NULL,NULL,NULL
1557,AD,ENGRAPADORAS,7,0,NULL,NULL,NULL
1558,AD,LÁMPARA,7,0,NULL,NULL,NULL
1559,AD,PINZAS,7,0,NULL,NULL,NULL
1560,AD,PLACAS,7,0,NULL,NULL,NULL
1561,AD,ACEITES,7,0,NULL,NULL,NULL
1562,AD,ACOPLADOR,7,0,NULL,NULL,NULL
1563,AD,BOLSAS,7,0,NULL,NULL,NULL
1564,AD,CONECTORES,7,0,NULL,NULL,NULL
1565,AD,EQUIPO,7,0,NULL,NULL,NULL
1566,AD,"EQUIPO DESECHABLE ",7,0,NULL,NULL,NULL
1567,AD,"EQUIPO PARA TRANSFUSIÓN",7,0,NULL,NULL,NULL
1568,AD,FRASCOS,7,0,NULL,NULL,NULL
1569,AD,FILTROS,7,0,NULL,NULL,NULL
1570,AD,JERINGAS,7,0,NULL,NULL,NULL
1571,AD,GUANTES,7,0,NULL,NULL,NULL
1572,AD,MICROPLACAS,7,0,NULL,NULL,NULL
1573,AD,PAPELES,7,0,NULL,NULL,NULL
1574,AD,PIPETAS,7,0,NULL,NULL,NULL
1575,AD,TUBOS,7,0,NULL,NULL,NULL
1576,AD,"MEDIOS DE CAPACITACION ESPERMATICA ",8,0,NULL,NULL,NULL
1577,AD,"REACTIVOS QUÍMICOS",9,0,NULL,NULL,NULL
1578,AD,"SUSTANCIAS BIOLÓGICAS",9,0,NULL,NULL,NULL
1579,AD,PIPETAS,9,0,NULL,NULL,NULL
1580,AD,"PUNTAS PARA MICROPIPETAS",9,0,NULL,NULL,NULL
1581,AD,TUBOS,9,0,NULL,NULL,NULL
1582,AD,"UNIDADES DE FILTRACIÓN",9,0,NULL,NULL,NULL
1583,AD,"CONTROLES Y ESTÁNDARES",10,0,NULL,NULL,NULL
1584,AD,"MEDIOS DE CULTIVO PARA DESARROLLO DE CÉLULAS",10,0,NULL,NULL,NULL
1585,AD,"REACTIVOS QUÍMICOS",10,0,NULL,NULL,NULL
1586,AD,"SOLUCIONES AMORTIGUADORAS (TABLETAS)",10,0,NULL,NULL,NULL
1587,AD,"SUSTANCIAS BIOLÓGICAS",10,0,NULL,NULL,NULL
1588,AD,"CONTROLES Y ESTÁNDARES",11,0,NULL,NULL,NULL
1589,AD,"REACTIVOS QUÍMICOS",11,0,NULL,NULL,NULL
1590,AD,"REACTIVOS Y JUEGOS DE REACTIVOS PARA PRUEBAS ESPECÍFICAS",11,0,NULL,NULL,NULL
1591,AD,"SUSTANCIAS BIOLÓGICAS ",11,0,NULL,NULL,NULL
1592,AD,"SOLUCIONES AMORTIGUADORAS ",11,0,NULL,NULL,NULL
1593,AD,"CITÓMETRO DE FLUJO",11,0,NULL,NULL,NULL
1594,AD,HEMOGLOBINÓMETRO,11,0,NULL,NULL,NULL
1595,AD,LECTOR,11,0,NULL,NULL,NULL
1596,AD,"MONITOR DE ANTICOAGULACIÓN",11,0,NULL,NULL,NULL
1597,AD,TROMBOELASTÓGRAFO,11,0,NULL,NULL,NULL
1598,AD,CAMPANAS,11,0,NULL,NULL,NULL
1599,AD,FILTROS,11,0,NULL,NULL,NULL
1600,AD,"REACTIVOS QUÍMICOS",12,0,NULL,NULL,NULL
1601,AD,"REACTIVOS Y JUEGOS DE REACTIVOS PARA PRUEBAS ESPECÍFICAS",12,0,NULL,NULL,NULL
1602,AD,"REACTIVOS PARA PRUEBAS POR RADIOINMUNOANÁLISIS",12,0,NULL,NULL,NULL
1603,AD,"AGITADORES ELÉCTRICOS",12,0,NULL,NULL,NULL
1604,AD,"FABRICADOR AUTOMÁTICO DE HIELO EN ESCAMAS ",12,0,NULL,NULL,NULL
1605,AD,"PIPETORES AUTOMÁTICOS DE REPETICIÓN",12,0,NULL,NULL,NULL
1606,AD,CROMATOPLACAS,12,0,NULL,NULL,NULL
1607,AD,FRASCOS,12,0,NULL,NULL,NULL
1608,AD,GRADILLAS,12,0,NULL,NULL,NULL
1609,AD,JERINGAS,12,0,NULL,NULL,NULL
1610,AD,"PUNTAS DE PLÁSTICO",12,0,NULL,NULL,NULL
1611,AD,TUBOS,12,0,NULL,NULL,NULL
1612,AD,"CONTROLES Y ESTÁNDARES",13,0,NULL,NULL,NULL
1613,AD,"MEDIOS DE CULTIVO",13,0,NULL,NULL,NULL
1614,AD,"MEDIOS DE CULTIVO, COMPLEMENTOS",13,0,NULL,NULL,NULL
1615,AD,"REACTIVOS Y JUEGOS DE REACTIVOS PARA PRUEBAS ESPECÍFICAS",13,0,NULL,NULL,NULL
1616,AD,"REACTIVOS QUÍMICOS",13,0,NULL,NULL,NULL
1617,AD,"REACTIVOS POR INMUNOHISTOQUIMICA",13,0,NULL,NULL,NULL
1618,AD,"SUSTANCIAS BIOLÓGICAS, ANTÍGENOS, SUEROS",13,0,NULL,NULL,NULL
1619,AD,"SUSTANCIAS BIOLÓGICAS",13,0,NULL,NULL,NULL
1620,AD,"AGITADORES ELÉCTRICOS",13,0,NULL,NULL,NULL
1621,AD,CAMPANAS,13,0,NULL,NULL,NULL
1622,AD,CONTRAINMUNOELECTROFORESIS,13,0,NULL,NULL,NULL
1623,AD,EQUIPOS,13,0,NULL,NULL,NULL
1624,AD,"LAVADORES PARA PRUEBAS INMUNOENZIMÁTICAS (ELISA)",13,0,NULL,NULL,NULL
1625,AD,LIOFILIZADORA,13,0,NULL,NULL,NULL
1626,AD,MICROKJELDAHL,13,0,NULL,NULL,NULL
1627,AD,MICROSCOPIOS,13,0,NULL,NULL,NULL
1628,AD,FILTROS,13,0,NULL,NULL,NULL
1629,AD,FRASCOS,13,0,NULL,NULL,NULL
1630,AD,GRADILLAS,13,0,NULL,NULL,NULL
1631,AD,LANA,13,0,NULL,NULL,NULL
1632,AD,PLACAS,13,0,NULL,NULL,NULL
1633,AD,RECOLECTOR,13,0,NULL,NULL,NULL
1634,AD,TAPONES,13,0,NULL,NULL,NULL
1635,AD,TUBOS,13,0,NULL,NULL,NULL
1636,AD,"CONTROLES Y ESTÁNDARES",14,0,NULL,NULL,NULL
1637,AD,"PRECURSORES DE RADIOFÁRMACOS",14,0,NULL,NULL,NULL
1638,AD,"RADIOFÁRMACOS Y GENERADORES DE RADIONUCLIDOS",14,0,NULL,NULL,NULL
1639,AD,"RADIOFÁRMACOS EN UNIDOSIS",14,0,NULL,NULL,NULL
1640,AD,"REACTIVOS PARA PRUEBAS POR RADIOINMUNOANÁLISIS",14,0,NULL,NULL,NULL
1641,AD,"SUSTANCIAS NO RADIOACTIVAS QUE SE UTILIZAN PARA BLOQUEAR SUSTANCIAS RADIOACTIVAS ALPLEXO COROIDEO",14,0,NULL,NULL,NULL
1642,AD,NEBULIZADOR,14,0,NULL,NULL,NULL
1643,AD,TUBOS,14,0,NULL,NULL,NULL
1644,AD,"CONTROLES Y ESTÁNDARES",15,0,NULL,NULL,NULL
1645,AD,"MEDIOS DE CULTIVO, AGAR",15,0,NULL,NULL,NULL
1646,AD,"MEDIOS DE CULTIVO, CALDOS",15,0,NULL,NULL,NULL
1647,AD,"MEDIOS DE CULTIVO, COMPLEMENTOS ",15,0,NULL,NULL,NULL
1648,AD,"MEDIOS DE CULTIVO, MEDIOS ESPECIALES",15,0,NULL,NULL,NULL
1649,AD,"MEDIOS DE CULTIVO, PLACAS",15,0,NULL,NULL,NULL
1650,AD,"MEDIOS DE CULTIVO, TUBOS",15,0,NULL,NULL,NULL
1651,AD,"MEDIOS DE TRANSPORTE",15,0,NULL,NULL,NULL
1652,AD,"REACTIVOS QUÍMICOS",15,0,NULL,NULL,NULL
1653,AD,"SOLUCIÓN AMORTIGUADORA",15,0,NULL,NULL,NULL
1654,AD,"SUSTANCIAS BIOLÓGICAS",15,0,NULL,NULL,NULL
1655,AD,"SUPLEMENTOS O ADITIVOS",15,0,NULL,NULL,NULL
1656,AD,TIRAS,15,0,NULL,NULL,NULL
1657,AD,ANALIZADORES,15,0,NULL,NULL,NULL
1658,AD,CONTADOR,15,0,NULL,NULL,NULL
1659,AD,ESPECTROFOTÓMETRO,15,0,NULL,NULL,NULL
1660,AD,ESTERILIZADORES,15,0,NULL,NULL,NULL
1661,AD,ESTUFA,15,0,NULL,NULL,NULL
1662,AD,"SISTEMAS AUTOMATIZADOS",15,0,NULL,NULL,NULL
1663,AD,JARRAS,15,0,NULL,NULL,NULL
1664,AD,LÁMPARA,15,0,NULL,NULL,NULL
1665,AD,SOPORTE,15,0,NULL,NULL,NULL
1666,AD,ALAMBRE,15,0,NULL,NULL,NULL
1667,AD,APLICADOR,15,0,NULL,NULL,NULL
1668,AD,FILTROS,15,0,NULL,NULL,NULL
1669,AD,RECOLECTOR,15,0,NULL,NULL,NULL
1670,AD,TUBOS,15,0,NULL,NULL,NULL
1671,AD,SOLUCIONES,15,0,NULL,NULL,NULL
1672,AD,TIRAS,15,0,NULL,NULL,NULL
1673,AD,"CONTROLES Y ESTÁNDARES",16,0,NULL,NULL,NULL
1674,AD,"REACTIVOS QUÍMICOS",16,0,NULL,NULL,NULL
1675,AD,"REACTIVOS Y JUEGOS DE REACTIVOS PARA PRUEBAS ESPECÍFICAS",16,0,NULL,NULL,NULL
1676,AD,"SOLUCIONES AMORTIGUADORAS",16,0,NULL,NULL,NULL
1677,AD,"SUSTANCIAS BIOLÓGICAS ",16,0,NULL,NULL,NULL
1678,AD,"AGITADORES ELÉCTRICOS ",16,0,NULL,NULL,NULL
1679,AD,ANALIZADORES,16,0,NULL,NULL,NULL
1680,AD,BALANZAS,16,0,NULL,NULL,NULL
1681,AD,BOMBAS,16,0,NULL,NULL,NULL
1682,AD,CAJAS,16,0,NULL,NULL,NULL
1683,AD,CROMATÓGRAFOS,16,0,NULL,NULL,NULL
1684,AD,DESMINERALIZADORES,16,0,NULL,NULL,NULL
1685,AD,ELECTROFORESIS,16,0,NULL,NULL,NULL
1686,AD,ESPECTROFOTÓMETRO,16,0,NULL,NULL,NULL
1687,AD,EQUIPOS,16,0,NULL,NULL,NULL
1688,AD,OSMÓMETRO,16,0,NULL,NULL,NULL
1689,AD,POTENCIÓMETRO,16,0,NULL,NULL,NULL
1690,AD,DESECADORES,16,0,NULL,NULL,NULL
1691,AD,PARRILLAS,16,0,NULL,NULL,NULL
1692,AD,"TRANSFORMADORES DE VOLTAJE",16,0,NULL,NULL,NULL
1693,AD,"AGENTE LIMPIADOR",16,0,NULL,NULL,NULL
1694,AD,JERINGAS,16,0,NULL,NULL,NULL
1695,AD,PAPELES,16,0,NULL,NULL,NULL
1696,AD,TUBOS,16,0,NULL,NULL,NULL
1697,AD,"MEDIOS DE CONTRASTE",17,0,NULL,NULL,NULL
1698,AD,PELÍCULAS,17,0,NULL,NULL,NULL
1699,AD,"SOLUCIONES PARA REVELADO Y FIJADO",17,0,NULL,NULL,NULL
